"date","lip","lcpi","lpcom","unemp","ffr","gs1","ebp","shock_wieland","lip_lag1","lip_lag2","unemp_lag1","unemp_lag2","lcpi_lag1","lcpi_lag2","lpcom_lag1","lpcom_lag2","ffr_lag1","ffr_lag2","shock_wieland_lag1","dep_lead","shock_bauer","shock_bs_lag1","shock_bauer_lag1","shock_bauer_lag2"
1993-01-01,4.1684233672838,4.96144504990548,477.068462446567,7.3,3.02,3.5,NA,NA,NA,NA,NA,NA,NA,NA,NA,NA,NA,NA,NA,4.35045211473775,0,NA,NA,NA
1993-02-01,4.17325124024285,4.9635436865624,477.40687224499,7.1,3.03,3.39,NA,NA,4.1684233672838,NA,7.3,NA,4.96144504990548,NA,477.068462446567,NA,3.02,NA,NA,4.36214912957443,0.00502238820653415,0,0,NA
1993-03-01,4.17227272813486,4.96494033483413,477.659930161562,7,3.07,3.33,NA,NA,4.17325124024285,4.1684233672838,7.1,7.3,4.9635436865624,4.96144504990548,477.40687224499,477.068462446567,3.03,3.02,NA,4.3684308798294,-0.0176749514631574,0.00502238820653415,0.00502238820653415,0
1993-04-01,4.17503782746793,4.96842344528695,478.164132910387,7.1,2.96,3.24,NA,NA,4.17227272813486,4.17325124024285,7,7.1,4.96494033483413,4.9635436865624,477.659930161562,477.40687224499,3.07,3.03,NA,4.3692554288915,0,-0.0176749514631574,-0.0176749514631574,0.00502238820653415
1993-05-01,4.17131486257462,4.97120122485085,478.498861256393,7.1,3,3.36,NA,NA,4.17503782746793,4.17227272813486,7.1,7,4.96842344528695,4.96494033483413,478.164132910387,477.659930161562,2.96,3.07,NA,4.37487109475171,-0.0114759260279176,0,0,-0.0176749514631574
1993-06-01,4.17358079093273,4.97189446577983,478.331637137157,7,3.04,3.54,NA,NA,4.17131486257462,4.17503782746793,7.1,7.1,4.97120122485085,4.96842344528695,478.498861256393,478.164132910387,3,2.96,NA,4.37948716294329,0,-0.0114759260279176,-0.0114759260279176,0
1993-07-01,4.17614265138858,4.97327950755249,478.080275463125,6.9,3.06,3.47,NA,NA,4.17358079093273,4.17131486257462,7,7.1,4.97189446577983,4.97120122485085,478.331637137157,478.498861256393,3.04,3,NA,4.38784219149456,-0.00577698362427683,0,0,-0.0114759260279176
1993-08-01,4.17503475254119,4.97535347995162,477.659930161562,6.8,3.03,3.44,NA,NA,4.17614265138858,4.17358079093273,6.9,7,4.97327950755249,4.97189446577983,478.080275463125,478.331637137157,3.06,3.04,NA,4.39793074123117,-0.000369511894494484,-0.00577698362427683,-0.00577698362427683,0
1993-09-01,4.18013839274721,4.97673374242057,477.659930161562,6.7,3.09,3.36,NA,NA,4.17503475254119,4.17614265138858,6.8,6.9,4.97535347995162,4.97327950755249,477.659930161562,478.080275463125,3.03,3.06,NA,4.40711794826025,0.011333352171763,-0.000369511894494484,-0.000369511894494484,-0.00577698362427683
1993-10-01,4.18757682707994,4.98086313576259,477.996347636125,6.8,2.99,3.39,NA,NA,4.18013839274721,4.17503475254119,6.7,6.8,4.97673374242057,4.97535347995162,477.659930161562,477.659930161562,3.09,3.03,NA,4.41601251612704,0,0.011333352171763,0.011333352171763,-0.000369511894494484
1993-11-01,4.19222114297018,4.98360662170834,477.912349311153,6.6,3.02,3.58,NA,NA,4.18757682707994,4.18013839274721,6.8,6.7,4.98086313576259,4.97673374242057,477.996347636125,477.659930161562,2.99,3.09,NA,4.42397199797908,-0.00319536127745578,0,0,0.011333352171763
1993-12-01,4.19800012527389,4.98565930802608,477.575648656363,6.5,2.96,3.61,NA,NA,4.19222114297018,4.18757682707994,6.6,6.8,4.98360662170834,4.98086313576259,477.912349311153,477.996347636125,3.02,2.99,NA,4.42824205847085,-0.00586414250307051,-0.00319536127745578,-0.00319536127745578,0
1994-01-01,4.20109061757634,4.98565930802608,477.996347636125,6.6,3.05,3.54,NA,NA,4.19800012527389,4.19222114297018,6.5,6.6,4.98565930802608,4.98360662170834,477.575648656363,477.912349311153,2.96,3.02,NA,4.4326769724091,0,-0.00586414250307051,-0.00586414250307051,-0.00319536127745578
1994-02-01,4.20173152325188,4.98838968514894,478.164132910387,6.6,3.25,3.87,NA,NA,4.20109061757634,4.19800012527389,6.6,6.5,4.98565930802608,4.98565930802608,477.996347636125,477.575648656363,3.05,2.96,NA,4.43446015375811,0.151723487349919,0,0,-0.00586414250307051
1994-03-01,4.2116889831826,4.99111262760739,478.498861256393,6.5,3.34,4.32,NA,NA,4.20173152325188,4.20109061757634,6.6,6.6,4.98838968514894,4.98565930802608,478.164132910387,477.996347636125,3.25,3.05,NA,4.43487996157768,-0.0674824658773531,0.151723487349919,0.151723487349919,0
1994-04-01,4.21760442449775,4.99179220629478,478.498861256393,6.4,3.56,4.82,NA,NA,4.2116889831826,4.20173152325188,6.5,6.6,4.99111262760739,4.98838968514894,478.498861256393,478.164132910387,3.34,3.25,NA,4.43833489556954,0.0707252788306593,-0.0674824658773531,-0.0674824658773531,0.151723487349919
1994-05-01,4.22225393084413,4.99382817577987,478.665806203347,6.1,4.01,5.31,NA,NA,4.21760442449775,4.2116889831826,6.4,6.5,4.99179220629478,4.99111262760739,478.498861256393,478.498861256393,3.56,3.34,NA,4.4448453183635,-0.0728576310606154,0.0707252788306593,0.0707252788306593,-0.0674824658773531
1994-06-01,4.22894829634957,4.99653636971675,479.164975293071,6.1,4.25,5.27,NA,NA,4.22225393084413,4.21760442449775,6.1,6.4,4.99382817577987,4.99179220629478,478.665806203347,478.498861256393,4.01,3.56,NA,4.4388900744577,0,-0.0728576310606154,-0.0728576310606154,0.0707252788306593
1994-07-01,4.23021051929583,4.99991133073328,479.330812810349,6.1,4.26,5.48,NA,NA,4.22894829634957,4.22225393084413,6.1,6.1,4.99653636971675,4.99382817577987,479.164975293071,478.665806203347,4.25,4.01,NA,4.43490960236103,-0.012934978672112,0,0,-0.0728576310606154
1994-08-01,4.23683032785218,5.00394630594546,479.744207363521,6,4.47,5.56,NA,NA,4.23021051929583,4.22894829634957,6.1,6.1,4.99991133073328,4.99653636971675,479.330812810349,479.164975293071,4.26,4.25,NA,4.45529568360133,0.0056280857201784,-0.012934978672112,-0.012934978672112,0
1994-09-01,4.23979320318403,5.00595770454514,479.579054559674,5.9,4.73,5.76,NA,NA,4.23683032785218,4.23021051929583,6,6.1,5.00394630594546,4.99991133073328,479.744207363521,479.330812810349,4.47,4.26,NA,4.45437404008193,-0.020163896840126,0.0056280857201784,0.0056280857201784,-0.012934978672112
1994-10-01,4.24788934424464,5.00662727269872,479.496375762075,5.8,4.76,6.11,NA,NA,4.23979320318403,4.23683032785218,5.9,6,5.00595770454514,5.00394630594546,479.579054559674,479.744207363521,4.73,4.47,NA,4.4611958840707,0,-0.020163896840126,-0.020163896840126,0.0056280857201784
1994-11-01,4.25460227041822,5.00930107108312,479.99142627806,5.6,5.29,6.54,NA,NA,4.24788934424464,4.23979320318403,5.8,5.9,5.00662727269872,5.00595770454514,479.496375762075,479.579054559674,4.76,4.73,NA,4.46027735307791,0.0353516039428918,0,0,-0.020163896840126
1994-12-01,4.26447122935775,5.01130173863942,480.320103648723,5.5,5.45,7.14,NA,NA,4.25460227041822,4.24788934424464,5.6,5.8,5.00930107108312,5.00662727269872,479.99142627806,479.496375762075,5.29,4.76,NA,4.46431489612634,-0.0250987193471514,0.0353516039428918,0.0353516039428918,0
1995-01-01,4.2663842748851,5.01396308418893,481.137101657199,5.6,5.53,7.05,NA,NA,4.26447122935775,4.25460227041822,5.5,5.6,5.01130173863942,5.00930107108312,480.320103648723,479.99142627806,5.45,5.29,NA,4.46843939502832,0,-0.0250987193471514,-0.0250987193471514,0.0353516039428918
1995-02-01,4.26515287300258,5.0166173657738,481.624115606803,5.4,5.92,6.7,NA,NA,4.2663842748851,4.26447122935775,5.6,5.5,5.01396308418893,5.01130173863942,481.137101657199,480.320103648723,5.53,5.45,NA,4.47421832066336,0.044228314712937,0,0,-0.0250987193471514
1995-03-01,4.26661017147453,5.01860346374543,481.94747886351,5.4,5.98,6.43,NA,NA,4.26515287300258,4.2663842748851,5.4,5.6,5.0166173657738,5.01396308418893,481.624115606803,481.137101657199,5.92,5.53,NA,4.47634200163414,0.00245882066722166,0.044228314712937,0.044228314712937,0
1995-04-01,4.26484373140203,5.02256386496153,482.510860635335,5.8,6.05,6.27,NA,NA,4.26661017147453,4.26515287300258,5.4,5.4,5.01860346374543,5.0166173657738,481.94747886351,481.624115606803,5.98,5.92,NA,4.47856560466077,0,0.00245882066722166,0.00245882066722166,0.044228314712937
1995-05-01,4.26969325388696,5.02453819926525,482.751341713153,5.6,6.01,6,NA,NA,4.26484373140203,4.26661017147453,5.8,5.4,5.02256386496153,5.01860346374543,482.510860635335,481.94747886351,6.05,5.98,NA,4.4846768557994,-0.00291362409887276,0,0,0.00245882066722166
1995-06-01,4.27294671058426,5.02650864325255,483.071086190202,5.6,6,5.64,NA,NA,4.26969325388696,4.26484373140203,5.6,5.8,5.02453819926525,5.02256386496153,482.751341713153,482.510860635335,6.01,6.05,NA,4.48402237080493,0,-0.00291362409887276,-0.00291362409887276,0
1995-07-01,4.2687655470821,5.02782011885036,483.071086190202,5.7,5.85,5.59,NA,NA,4.27294671058426,4.26969325388696,5.6,5.6,5.02650864325255,5.02453819926525,483.071086190202,482.751341713153,6,6.01,NA,4.4898693172051,-0.227952304450019,0,0,-0.00291362409887276
1995-08-01,4.2818236294978,5.02978411293502,482.911341747287,5.7,5.74,5.75,NA,NA,4.2687655470821,4.27294671058426,5.7,5.6,5.02782011885036,5.02650864325255,483.071086190202,483.071086190202,5.85,6,NA,4.49424644647927,0.0618298256939425,-0.227952304450019,-0.227952304450019,0
1995-09-01,4.28571257615189,5.03109130266364,482.9912458666,5.6,5.8,5.62,NA,NA,4.2818236294978,4.2687655470821,5.7,5.7,5.02978411293502,5.02782011885036,482.911341747287,483.071086190202,5.74,5.85,NA,4.49010046595933,0.061415652794829,0.0618298256939425,0.0618298256939425,-0.227952304450019
1995-10-01,4.28404990277751,5.03370056702725,483.071086190202,5.5,5.76,5.59,NA,NA,4.28571257615189,4.2818236294978,5.6,5.7,5.03109130266364,5.02978411293502,482.9912458666,482.911341747287,5.8,5.74,NA,4.50281514935009,0,0.061415652794829,0.061415652794829,0.0618298256939425
1995-11-01,4.28657519489284,5.03500265054455,483.150862819882,5.6,5.8,5.43,NA,NA,4.28404990277751,4.28571257615189,5.5,5.6,5.03370056702725,5.03109130266364,483.071086190202,482.9912458666,5.76,5.8,NA,4.50813932666348,0.0345323240562514,0,0,0.061415652794829
1995-12-01,4.28996342774312,5.03630304084483,483.38981155962,5.6,5.6,5.31,NA,NA,4.28657519489284,4.28404990277751,5.6,5.5,5.03500265054455,5.03370056702725,483.150862819882,483.071086190202,5.8,5.76,NA,4.51610287883984,-0.0401247131815172,0.0345323240562514,0.0345323240562514,0
1996-01-01,4.28456814891191,5.04148775757902,483.866002935645,5.6,5.56,5.09,NA,NA,4.28996342774312,4.28657519489284,5.6,5.6,5.03630304084483,5.03500265054455,483.38981155962,483.150862819882,5.6,5.8,NA,4.51534612984973,-0.0380589648597805,-0.0401247131815172,-0.0401247131815172,0.0345323240562514
1996-02-01,4.29892623619146,5.04342511691925,483.786795010711,5.5,5.22,4.94,NA,NA,4.28456814891191,4.28996342774312,5.6,5.6,5.04148775757902,5.03630304084483,483.866002935645,483.38981155962,5.56,5.6,NA,4.5187895191499,0,-0.0380589648597805,-0.0380589648597805,-0.0401247131815172
1996-03-01,4.29747722455517,5.04664573161929,483.945148171276,5.5,5.31,5.34,NA,NA,4.29892623619146,4.28456814891191,5.5,5.6,5.04342511691925,5.04148775757902,483.786795010711,483.866002935645,5.22,5.56,NA,4.5226903442478,-0.0125462319932131,0,0,-0.0380589648597805
1996-04-01,4.30742565639722,5.05049682752139,484.733174313806,5.6,5.22,5.54,NA,NA,4.29747722455517,4.29892623619146,5.5,5.5,5.04664573161929,5.04342511691925,483.945148171276,483.786795010711,5.31,5.22,NA,4.52900055160701,0,-0.0125462319932131,-0.0125462319932131,0
1996-05-01,4.31500770653537,5.05241682811121,485.281120890269,5.6,5.24,5.64,NA,NA,4.30742565639722,4.29747722455517,5.6,5.5,5.05049682752139,5.04664573161929,484.733174313806,483.945148171276,5.22,5.31,NA,4.53189709599248,0.0199983318270619,0,0,-0.0125462319932131
1996-06-01,4.3224438137444,5.05433314936197,485.203026391962,5.3,5.27,5.81,NA,NA,4.31500770653537,4.30742565639722,5.6,5.6,5.05241682811121,5.05049682752139,485.281120890269,484.733174313806,5.24,5.22,NA,4.53261884780466,0,0.0199983318270619,0.0199983318270619,0
1996-07-01,4.32245973452261,5.05624580534831,485.203026391962,5.5,5.4,5.85,NA,NA,4.3224438137444,4.31500770653537,5.3,5.6,5.05433314936197,5.05241682811121,485.203026391962,485.281120890269,5.27,5.24,NA,4.53084849869122,-0.0395034822469918,0,0,0.0199983318270619
1996-08-01,4.32751368908328,5.05751887999511,485.437127162159,5.1,5.22,5.67,NA,NA,4.32245973452261,4.3224438137444,5.5,5.3,5.05624580534831,5.05433314936197,485.203026391962,485.203026391962,5.4,5.27,NA,4.52819194470404,0.0112198689652399,-0.0395034822469918,-0.0395034822469918,0
1996-09-01,4.33375770963573,5.06069449396899,485.359154448657,5.2,5.3,5.83,NA,NA,4.32751368908328,4.32245973452261,5.1,5.5,5.05751887999511,5.05624580534831,485.437127162159,485.203026391962,5.22,5.4,NA,4.53241345434373,-0.0854509447497498,0.0112198689652399,0.0112198689652399,-0.0395034822469918
1996-10-01,4.33356747821535,5.06386005533355,485.203026391962,5.2,5.24,5.55,NA,NA,4.33375770963573,4.32751368908328,5.2,5.1,5.06069449396899,5.05751887999511,485.359154448657,485.437127162159,5.3,5.22,NA,4.52872101382469,0,-0.0854509447497498,-0.0854509447497498,0.0112198689652399
1996-11-01,4.34247076536205,5.06701562753236,485.359154448657,5.4,5.31,5.42,NA,NA,4.33356747821535,4.33375770963573,5.2,5.2,5.06386005533355,5.06069449396899,485.203026391962,485.359154448657,5.24,5.3,NA,4.52894119683651,-0.0250786319710852,0,0,-0.0854509447497498
1996-12-01,4.34869216355693,5.06953293534374,486.05872978526,5.4,5.29,5.47,9.55,NA,4.34247076536205,4.33356747821535,5.4,5.2,5.06701562753236,5.06386005533355,485.359154448657,485.203026391962,5.31,5.24,NA,4.52553914356879,0.00179361672508848,-0.0250786319710852,-0.0250786319710852,0
1997-01-01,4.35045211473775,5.07141676635611,486.52240913224,5.3,5.25,5.61,9.49,NA,4.34869216355693,4.34247076536205,5.4,5.4,5.06953293534374,5.06701562753236,486.05872978526,485.359154448657,5.29,5.31,NA,4.52060091553649,0,0.00179361672508848,0.00179361672508848,-0.0250786319710852
1997-02-01,4.36214912957443,5.07329705522097,485.592890433527,5.2,5.19,5.53,9.34,NA,4.35045211473775,4.34869216355693,5.3,5.4,5.07141676635611,5.06953293534374,486.52240913224,486.05872978526,5.25,5.29,NA,4.5139875760351,-0.0165139974655085,0,0,0.00179361672508848
1997-03-01,4.3684308798294,5.07392303333217,484.654650556336,5.2,5.39,5.8,9.78,NA,4.36214912957443,4.35045211473775,5.2,5.3,5.07329705522097,5.07141676635611,485.592890433527,486.52240913224,5.19,5.25,NA,4.51150215711557,0.048005873188183,-0.0165139974655085,-0.0165139974655085,0
1997-04-01,4.3692554288915,5.07454861983991,484.418708645859,5.1,5.51,5.99,9.67,NA,4.3684308798294,4.36214912957443,5.2,5.2,5.07392303333217,5.07329705522097,484.654650556336,485.592890433527,5.39,5.19,NA,4.50798064128336,0,0.048005873188183,0.048005873188183,-0.0165139974655085
1997-05-01,4.37487109475171,5.07454861983991,484.733174313806,4.9,5.5,5.87,9.35,NA,4.3692554288915,4.3684308798294,5.1,5.2,5.07454861983991,5.07392303333217,484.418708645859,484.654650556336,5.51,5.39,NA,4.50270214974215,-0.0630901828119603,0,0,0.048005873188183
1997-06-01,4.37948716294329,5.07642303463426,484.576065090602,5,5.56,5.69,9.23,NA,4.37487109475171,4.3692554288915,4.9,5.1,5.07454861983991,5.07454861983991,484.733174313806,484.418708645859,5.5,5.51,NA,4.4973744854507,0,-0.0630901828119603,-0.0630901828119603,0
1997-07-01,4.38784219149456,5.07767069543241,484.339937472034,4.9,5.52,5.54,8.82,NA,4.37948716294329,4.37487109475171,5,4.9,5.07642303463426,5.07454861983991,484.576065090602,484.733174313806,5.56,5.5,NA,4.49127558057851,0.0055715916929042,0,0,-0.0630901828119603
1997-08-01,4.39793074123117,5.08016135674487,484.576065090602,4.8,5.54,5.56,9.04,NA,4.38784219149456,4.37948716294329,4.9,5,5.07767069543241,5.07642303463426,484.339937472034,484.576065090602,5.52,5.56,NA,4.49039886057608,0.0027260159040223,0.0055715916929042,0.0055715916929042,0
1997-09-01,4.40711794826025,5.08264583007253,484.811636459848,4.9,5.54,5.52,8.82,NA,4.39793074123117,4.38784219149456,4.8,4.9,5.08016135674487,5.07767069543241,484.576065090602,484.339937472034,5.54,5.52,NA,4.48497687294549,-0.0073151129432567,0.0027260159040223,0.0027260159040223,0.0055715916929042
1997-10-01,4.41601251612704,5.08450514266271,485.046654194343,4.7,5.5,5.46,8.97,NA,4.40711794826025,4.39793074123117,4.9,4.8,5.08264583007253,5.08016135674487,484.811636459848,484.576065090602,5.54,5.54,NA,4.48192966028715,0,-0.0073151129432567,-0.0073151129432567,0.0027260159040223
1997-11-01,4.42397199797908,5.08574276658306,485.12487085848,4.6,5.52,5.46,8.91,NA,4.41601251612704,4.40711794826025,4.7,4.9,5.08450514266271,5.08264583007253,485.046654194343,484.811636459848,5.5,5.54,NA,4.47604052010613,-0.0305083496640568,0,0,-0.0073151129432567
1997-12-01,4.42824205847085,5.08636100462439,484.261104200313,4.7,5.5,5.53,8.85,NA,4.42397199797908,4.41601251612704,4.6,4.7,5.08574276658306,5.08450514266271,485.12487085848,485.046654194343,5.52,5.5,NA,4.47565130389389,-0.0201013198165704,-0.0305083496640568,-0.0305083496640568,0
1998-01-01,4.4326769724091,5.08759633523238,483.150862819882,4.6,5.56,5.24,8.64,NA,4.42824205847085,4.42397199797908,4.7,4.6,5.08636100462439,5.08574276658306,484.261104200313,485.12487085848,5.5,5.52,NA,4.48258890715261,0,-0.0201013198165704,-0.0201013198165704,-0.0305083496640568
1998-02-01,4.43446015375811,5.08759633523238,482.83137373023,4.6,5.51,5.31,8.65,3.47424,4.4326769724091,4.42824205847085,4.6,4.7,5.08759633523238,5.08636100462439,483.150862819882,484.261104200313,5.56,5.5,NA,4.48252560213318,0.0139296307189376,0,0,-0.0201013198165704
1998-03-01,4.43487996157768,5.08759633523238,482.591085268599,4.7,5.49,5.39,8.66,-0.78982,4.43446015375811,4.4326769724091,4.6,4.6,5.08759633523238,5.08759633523238,482.83137373023,483.150862819882,5.51,5.56,3.47424,4.49005670888736,-0.00699601841681412,0.0139296307189376,0.0139296307189376,0
1998-04-01,4.43833489556954,5.08883014168131,482.751341713153,4.3,5.45,5.38,8.82,NA,4.43487996157768,4.43446015375811,4.7,4.6,5.08759633523238,5.08759633523238,482.591085268599,482.83137373023,5.49,5.51,-0.78982,4.49480494533826,0,-0.00699601841681412,-0.00699601841681412,0.0139296307189376
1998-05-01,4.4448453183635,5.09129319711371,482.911341747287,4.4,5.49,5.44,8.94,-3.94052,4.43833489556954,4.43487996157768,4.3,4.7,5.08883014168131,5.08759633523238,482.751341713153,482.591085268599,5.45,5.49,NA,4.49908496334914,-0.0106320966671117,0,0,-0.00699601841681412
1998-06-01,4.4388900744577,5.09252245356844,482.671245593533,4.5,5.56,5.41,9.04,NA,4.4448453183635,4.43833489556954,4.4,4.3,5.09129319711371,5.08883014168131,482.911341747287,482.751341713153,5.49,5.45,-3.94052,4.5072662452924,0,-0.0106320966671117,-0.0106320966671117,0
1998-07-01,4.43490960236103,5.09497644253001,482.751341713153,4.5,5.54,5.36,9.06,1.04754,4.4388900744577,4.4448453183635,4.5,4.4,5.09252245356844,5.09129319711371,482.671245593533,482.911341747287,5.56,5.49,NA,4.50693533349502,0.0109614604189549,0,0,-0.0106320966671117
1998-08-01,4.45529568360133,5.0962011824259,482.189316949938,4.5,5.55,5.21,10.38,1.21208,4.43490960236103,4.4388900744577,4.5,4.5,5.09497644253001,5.09252245356844,482.751341713153,482.671245593533,5.54,5.56,1.04754,4.50590770612533,0.0207859320609037,0.0109614604189549,0.0109614604189549,0
1998-09-01,4.45437404008193,5.09681299033731,481.86673602505,4.6,5.51,4.71,10.48,5.83363,4.45529568360133,4.43490960236103,4.5,4.5,5.0962011824259,5.09497644253001,482.189316949938,482.751341713153,5.55,5.54,1.21208,4.50686582810308,0.0504317900601822,0.0207859320609037,0.0207859320609037,0.0109614604189549
1998-10-01,4.4611958840707,5.09925648574978,482.028156560504,4.5,5.07,4.12,11.17,-16.10447,4.45437404008193,4.45529568360133,4.6,4.5,5.09681299033731,5.0962011824259,481.86673602505,482.189316949938,5.51,5.55,5.83363,4.50423099297374,-0.234075646688236,0.0504317900601822,0.0504317900601822,0.0207859320609037
1998-11-01,4.46027735307791,5.10047599809605,481.705054502359,4.4,4.83,4.53,10.29,-6.77958,4.4611958840707,4.45437404008193,4.5,4.6,5.09925648574978,5.09681299033731,482.028156560504,481.86673602505,5.07,5.51,-16.10447,4.509701693653,-0.0117311987873191,-0.234075646688236,-0.234075646688236,0.0504317900601822
1998-12-01,4.46431489612634,5.10230248262208,481.055701571304,4.4,4.68,4.52,10.53,-3.49639,4.46027735307791,4.4611958840707,4.4,4.5,5.10047599809605,5.09925648574978,481.705054502359,482.028156560504,4.83,5.07,-6.77958,4.50414027969071,0.00654461324451419,-0.0117311987873191,-0.0117311987873191,-0.234075646688236
1999-01-01,4.46843939502832,5.10412563718359,481.137101657199,4.3,4.63,4.51,10.44,NA,4.46431489612634,4.46027735307791,4.4,4.4,5.10230248262208,5.10047599809605,481.055701571304,481.705054502359,4.68,4.83,-3.49639,4.51236277165182,0,0.00654461324451419,0.00654461324451419,-0.0117311987873191
1999-02-01,4.47421832066336,5.10412563718359,480.647704269313,4.4,4.76,4.7,10.69,0.62708,4.46843939502832,4.46431489612634,4.3,4.4,5.10412563718359,5.10230248262208,481.137101657199,481.055701571304,4.63,4.68,NA,4.51360847189964,-0.00659961707041653,0,0,0.00654461324451419
1999-03-01,4.47634200163414,5.10473261747537,480.892702350211,4.2,4.81,4.78,10.63,-0.5637,4.47421832066336,4.46843939502832,4.4,4.3,5.10412563718359,5.10412563718359,480.647704269313,481.137101657199,4.76,4.63,0.62708,4.51086609990171,-0.0370987428242264,-0.00659961707041653,-0.00659961707041653,0
1999-04-01,4.47856560466077,5.1113851971964,481.705054502359,4.3,4.74,4.69,10.23,NA,4.47634200163414,4.47421832066336,4.2,4.4,5.10473261747537,5.10412563718359,480.892702350211,480.647704269313,4.81,4.76,-0.5637,4.50458823478324,0,-0.0370987428242264,-0.0370987428242264,-0.00659961707041653
1999-05-01,4.4846768557994,5.11198778835654,482.591085268599,4.2,4.74,4.85,10.6,-2.7014,4.47856560466077,4.47634200163414,4.3,4.2,5.1113851971964,5.10473261747537,481.705054502359,480.892702350211,4.74,4.81,NA,4.50424426739813,0.10948317381528,0,0,-0.0370987428242264
1999-06-01,4.48402237080493,5.11198778835654,482.9912458666,4.3,4.76,5.1,10.81,-4.64378,4.4846768557994,4.47856560466077,4.2,4.3,5.11198778835654,5.1113851971964,482.591085268599,481.705054502359,4.74,4.74,-2.7014,4.50556640184263,-0.0933523894617063,0.10948317381528,0.10948317381528,0
1999-07-01,4.4898693172051,5.11619578975675,483.38981155962,4.3,4.99,5.03,10.78,NA,4.48402237080493,4.4846768557994,4.3,4.2,5.11198778835654,5.11198778835654,482.9912458666,482.591085268599,4.76,4.74,-4.64378,4.51071554011023,0,-0.0933523894617063,-0.0933523894617063,0.10948317381528
1999-08-01,4.49424644647927,5.11859243560135,484.339937472034,4.2,5.07,5.2,11.1,4.43403,4.4898693172051,4.48402237080493,4.3,4.3,5.11619578975675,5.11198778835654,483.38981155962,482.9912458666,4.99,4.76,NA,4.50858549433848,-0.0216055679078235,0,0,-0.0933523894617063
1999-09-01,4.49010046595933,5.12277279403311,485.203026391962,4.2,5.22,5.25,11.22,NA,4.49424644647927,4.4898693172051,4.2,4.3,5.11859243560135,5.11619578975675,484.339937472034,483.38981155962,5.07,4.99,4.43403,4.51504742821488,0,-0.0216055679078235,-0.0216055679078235,0
1999-10-01,4.50281514935009,5.12455904041457,484.968376303849,4.1,5.2,5.43,11.41,-4.96524,4.49010046595933,4.49424644647927,4.2,4.2,5.12277279403311,5.11859243560135,485.203026391962,484.339937472034,5.22,5.07,NA,4.51639252276019,0.0862417445183569,0,0,-0.0216055679078235
1999-11-01,4.50813932666348,5.12634210180823,485.437127162159,4.1,5.42,5.55,11.26,7.49449,4.50281514935009,4.49010046595933,4.1,4.2,5.12455904041457,5.12277279403311,484.968376303849,485.203026391962,5.2,5.22,-4.96524,4.52316263260218,0.0590271318510179,0.0862417445183569,0.0862417445183569,0
1999-12-01,4.51610287883984,5.12871458216186,485.046654194343,4,5.3,5.84,11.34,1.7379,4.50813932666348,4.50281514935009,4.1,4.1,5.12634210180823,5.12455904041457,485.437127162159,484.968376303849,5.42,5.2,7.49449,4.52366941585793,0.0209432323304494,0.0590271318510179,0.0590271318510179,0.0862417445183569
2000-01-01,4.51534612984973,5.13167228913909,485.437127162159,4,5.45,6.12,11.62,NA,4.51610287883984,4.50813932666348,4,4.1,5.12871458216186,5.12634210180823,485.046654194343,485.437127162159,5.3,5.42,1.7379,4.52533445689301,0,0.0209432323304494,0.0209432323304494,0.0590271318510179
2000-02-01,4.5187895191499,5.13579843705026,486.599480426999,4.1,5.73,6.22,11.73,-6.0016,4.51534612984973,4.51610287883984,4,4,5.13167228913909,5.12871458216186,485.437127162159,485.046654194343,5.45,5.3,NA,4.53151826367399,-0.0224310866664901,0,0,0.0209432323304494
2000-03-01,4.5226903442478,5.14166355650266,487.36694390231,4,5.85,6.22,12.08,-3.13134,4.5187895191499,4.51534612984973,4.1,4,5.13579843705026,5.13167228913909,486.599480426999,485.437127162159,5.73,5.45,-6.0016,4.52760640323973,0.00781521539967673,-0.0224310866664901,-0.0224310866664901,0
2000-04-01,4.52900055160701,5.14107859012155,487.290462063018,3.8,6.02,6.15,12.41,NA,4.5226903442478,4.5187895191499,4,4.1,5.14166355650266,5.13579843705026,487.36694390231,486.599480426999,5.85,5.73,-3.13134,4.53147735841916,0,0.00781521539967673,0.00781521539967673,-0.0224310866664901
2000-05-01,4.53189709599248,5.14283246370764,487.976701889122,4,6.27,6.33,12.71,4.00334,4.52900055160701,4.5226903442478,3.8,4,5.14107859012155,5.14166355650266,487.290462063018,487.36694390231,6.02,5.85,NA,4.53886477148004,0.0453039340061478,0,0,0.00781521539967673
2000-06-01,4.53261884780466,5.14865659199363,489.634614769413,4,6.53,6.17,12.42,-1.95004,4.53189709599248,4.52900055160701,4,3.8,5.14283246370764,5.14107859012155,487.976701889122,487.290462063018,6.27,6.02,4.00334,4.53114790247069,-0.0219771045135662,0.0453039340061478,0.0453039340061478,0
2000-07-01,4.53084849869122,5.15155598515263,489.55984841079,4,6.54,6.08,12.47,NA,4.53261884780466,4.53189709599248,4,4,5.14865659199363,5.14283246370764,489.634614769413,487.976701889122,6.53,6.27,-1.95004,4.53849819061199,0,-0.0219771045135662,-0.0219771045135662,0.0453039340061478
2000-08-01,4.52819194470404,5.15155598515263,488.95969657192,4.1,6.5,6.18,12.43,1.69413,4.53084849869122,4.53261884780466,4,4,5.15155598515263,5.14865659199363,489.55984841079,489.634614769413,6.54,6.53,NA,4.53935191298398,0.0293645229686098,0,0,-0.0219771045135662
2000-09-01,4.53241345434373,5.15675380222625,490.305008341632,3.9,6.52,6.13,12.72,NA,4.52819194470404,4.53084849869122,4.1,4,5.15155598515263,5.15155598515263,488.95969657192,489.55984841079,6.5,6.54,1.69413,4.54047485255612,0,0.0293645229686098,0.0293645229686098,0
2000-10-01,4.52872101382469,5.15848042136024,490.823336047817,3.9,6.51,6.01,13.67,-0.02989,4.53241345434373,4.52819194470404,3.9,4.1,5.15675380222625,5.15155598515263,490.305008341632,488.95969657192,6.52,6.5,NA,4.54933501392452,0.0559553043224644,0,0,0.0293645229686098
2000-11-01,4.52894119683651,5.1602040644184,490.527477843843,3.9,6.51,6.09,14.61,-1.21306,4.52872101382469,4.53241345434373,3.9,3.9,5.15848042136024,5.15675380222625,490.823336047817,490.305008341632,6.51,6.52,-0.02989,4.55178523192061,0.0191296699958033,0.0559553043224644,0.0559553043224644,0
2000-12-01,4.52553914356879,5.1624976434055,491.412439371541,3.9,6.4,5.6,14.36,6.35143,4.52894119683651,4.52872101382469,3.9,3.9,5.1602040644184,5.15848042136024,490.527477843843,490.823336047817,6.51,6.51,-1.21306,4.55956070806884,0.0516589332334994,0.0191296699958033,0.0191296699958033,0.0559553043224644
2001-01-01,4.52060091553649,5.16820868120102,494.16424226093,4.2,5.98,4.81,12.9,-24.5656886090834,4.52553914356879,4.52894119683651,3.9,3.9,5.1624976434055,5.1602040644184,491.412439371541,490.527477843843,6.4,6.51,6.35143,4.56308176488811,-0.090010094236995,0.0516589332334994,0.0516589332334994,0.0191296699958033
2001-02-01,4.5139875760351,5.17048399503815,492.289637978825,4.2,5.49,4.68,12.55,NA,4.52060091553649,4.52553914356879,4.2,3.9,5.16820868120102,5.1624976434055,494.16424226093,491.412439371541,5.98,6.4,-24.5656886090834,4.57027745359989,0,-0.090010094236995,-0.090010094236995,0.0516589332334994
2001-03-01,4.51150215711557,5.17105201550216,491.19193211571,4.3,5.31,4.3,12.98,5.47202,4.5139875760351,4.52060091553649,4.2,4.2,5.17048399503815,5.16820868120102,492.289637978825,494.16424226093,5.49,5.98,NA,4.56886402140879,-0.0279877600156202,0,0,-0.090010094236995
2001-04-01,4.50798064128336,5.17275414357269,491.559174540936,4.4,4.8,3.98,13.14,-45.91664,4.51150215711557,4.5139875760351,4.3,4.2,5.17105201550216,5.17048399503815,491.19193211571,492.289637978825,5.31,5.49,5.47202,4.57093788996736,-0.248783622999742,-0.0279877600156202,-0.0279877600156202,0
2001-05-01,4.50270214974215,5.17784321308016,491.852000518845,4.3,4.21,3.78,12.8,-9.67454,4.50798064128336,4.51150215711557,4.4,4.3,5.17275414357269,5.17105201550216,491.559174540936,491.19193211571,4.8,5.31,-45.91664,4.57187293444492,-0.0731567548005162,-0.248783622999742,-0.248783622999742,-0.0279877600156202
2001-06-01,4.4973744854507,5.18009673516061,490.897164031976,4.5,3.97,3.58,13.29,9.92687,4.50270214974215,4.50798064128336,4.3,4.4,5.17784321308016,5.17275414357269,491.852000518845,491.559174540936,4.21,4.8,-9.67454,4.57623867695701,0.108982746792104,-0.0731567548005162,-0.0731567548005162,-0.248783622999742
2001-07-01,4.49127558057851,5.17840706987548,489.335213348152,4.6,3.77,3.62,12.98,NA,4.4973744854507,4.50270214974215,4.5,4.3,5.18009673516061,5.17784321308016,490.897164031976,491.852000518845,3.97,4.21,9.92687,4.57305703417163,0,0.108982746792104,0.108982746792104,-0.0731567548005162
2001-08-01,4.49039886057608,5.17840706987548,489.335213348152,4.9,3.65,3.47,12.62,4.4752,4.49127558057851,4.4973744854507,4.6,4.5,5.17840706987548,5.18009673516061,489.335213348152,490.897164031976,3.77,3.97,NA,4.5763426363162,0.00203961778295017,0,0,0.108982746792104
2001-09-01,4.48497687294549,5.18234519029562,489.260222718466,5,3.07,2.82,14.28,NA,4.49039886057608,4.49127558057851,4.9,4.6,5.17840706987548,5.17840706987548,489.335213348152,489.335213348152,3.65,3.77,4.4752,4.55678214095792,0,0.00203961778295017,0.00203961778295017,0
2001-10-01,4.48192966028715,5.17953383055807,486.98394841308,5.3,2.49,2.33,13.4,-3.33076,4.48497687294549,4.49039886057608,5,4.9,5.18234519029562,5.17840706987548,489.260222718466,489.335213348152,3.07,3.65,NA,4.5689324593035,-0.00231992160709547,0,0,0.00203961778295017
2001-11-01,4.47604052010613,5.17897060891547,486.599480426999,5.5,2.09,2.18,12.67,-13.6923,4.48192966028715,4.48497687294549,5.3,5,5.17953383055807,5.18234519029562,486.98394841308,489.260222718466,2.49,3.07,-3.33076,4.57986878812557,-0.0905243524754425,-0.00231992160709547,-0.00231992160709547,0
2001-12-01,4.47565130389389,5.17840706987548,485.281120890269,5.7,1.82,2.22,12.81,-0.74826,4.47604052010613,4.48192966028715,5.5,5.3,5.17897060891547,5.17953383055807,486.599480426999,486.98394841308,2.09,2.49,-13.6923,4.58468478565544,-0.00257611499089069,-0.0905243524754425,-0.0905243524754425,-0.00231992160709547
2002-01-01,4.48258890715261,5.18009673516061,485.592890433527,5.7,1.73,2.16,12.42,1.74406,4.47565130389389,4.47604052010613,5.7,5.5,5.17840706987548,5.17897060891547,485.281120890269,486.599480426999,1.82,2.09,-0.74826,4.58626255806046,0.0518965791289366,-0.00257611499089069,-0.00257611499089069,-0.0905243524754425
2002-02-01,4.48252560213318,5.18178355029209,485.515039125586,5.7,1.74,2.23,12.53,NA,4.48258890715261,4.47565130389389,5.7,5.7,5.18009673516061,5.17840706987548,485.592890433527,485.281120890269,1.73,1.82,1.74406,4.58668742728202,0,0.0518965791289366,0.0518965791289366,-0.00257611499089069
2002-03-01,4.49005670888736,5.18458860121969,486.599480426999,5.7,1.73,2.57,12.08,-3.38719,4.48252560213318,4.48258890715261,5.7,5.7,5.18178355029209,5.18009673516061,485.515039125586,485.592890433527,1.74,1.73,NA,4.58895238551526,-0.0730886937126932,0,0,0.0518965791289366
2002-04-01,4.49480494533826,5.18906038061109,487.36694390231,5.9,1.75,2.48,11.46,NA,4.49005670888736,4.48252560213318,5.7,5.7,5.18458860121969,5.18178355029209,486.599480426999,485.515039125586,1.73,1.74,-3.38719,4.5919086391049,0,-0.0730886937126932,-0.0730886937126932,0
2002-05-01,4.49908496334914,5.19017520792833,487.36694390231,5.8,1.75,2.35,11.76,0.54643,4.49480494533826,4.49005670888736,5.9,5.7,5.18906038061109,5.18458860121969,487.36694390231,486.599480426999,1.75,1.73,NA,4.5921599182997,-0.0298326211419787,0,0,-0.0730886937126932
2002-06-01,4.5072662452924,5.1907321558681,487.443367291585,5.8,1.75,2.2,12.98,0.3731,4.49908496334914,4.49480494533826,5.8,5.9,5.19017520792833,5.18906038061109,487.36694390231,487.36694390231,1.75,1.75,0.54643,4.59552178954814,0.0482659512253105,-0.0298326211419787,-0.0298326211419787,0
2002-07-01,4.50693533349502,5.19295685089021,487.672287650999,5.8,1.73,1.96,13.45,NA,4.5072662452924,4.49908496334914,5.8,5.8,5.1907321558681,5.19017520792833,487.443367291585,487.36694390231,1.75,1.75,0.3731,4.59486830334783,0,0.0482659512253105,0.0482659512253105,-0.0298326211419787
2002-08-01,4.50590770612533,5.19573077777294,487.900685161782,5.7,1.74,1.76,13.08,3.22648,4.50693533349502,4.5072662452924,5.8,5.8,5.19295685089021,5.1907321558681,487.672287650999,487.443367291585,1.73,1.75,NA,4.5991993962469,-0.0735262797382203,0,0,0.0482659512253105
2002-09-01,4.50686582810308,5.19739144795808,488.507207112091,5.7,1.75,1.72,13.36,1.70478,4.50590770612533,4.50693533349502,5.7,5.8,5.19573077777294,5.19295685089021,487.900685161782,487.672287650999,1.74,1.73,3.22648,4.59738596741888,0.00997100017864658,-0.0735262797382203,-0.0735262797382203,0
2002-10-01,4.50423099297374,5.19960139360888,489.185175810629,5.7,1.75,1.65,13.66,NA,4.50686582810308,4.50590770612533,5.7,5.7,5.19739144795808,5.19573077777294,488.507207112091,487.900685161782,1.75,1.74,1.70478,4.59636049435859,0,0.00997100017864658,0.00997100017864658,-0.0735262797382203
2002-11-01,4.509701693653,5.20125565370491,489.110072540107,5.9,1.34,1.49,12.29,-20.9384,4.50423099297374,4.50686582810308,5.7,5.7,5.19960139360888,5.19739144795808,489.185175810629,488.507207112091,1.75,1.75,NA,4.59609210461472,-0.0861130606985522,0,0,0.00997100017864658
2002-12-01,4.50414027969071,5.20290718174338,488.95969657192,6,1.24,1.45,11.93,-0.07377,4.509701693653,4.50423099297374,5.9,5.7,5.20125565370491,5.19960139360888,489.110072540107,489.185175810629,1.34,1.75,-20.9384,4.6062945536498,0.0438256038357958,-0.0861130606985522,-0.0861130606985522,0
2003-01-01,4.51236277165182,5.20729796816087,490.749453517674,5.8,1.24,1.36,11.49,0.83316,4.50414027969071,4.509701693653,6,5.9,5.20290718174338,5.20125565370491,488.95969657192,489.110072540107,1.24,1.34,-0.07377,4.60271316999492,0.0653039229064782,0.0438256038357958,0.0438256038357958,-0.0861130606985522
2003-02-01,4.51360847189964,5.21275947818639,492.435092549924,5.9,1.26,1.3,11.29,NA,4.51236277165182,4.50414027969071,5.8,6,5.20729796816087,5.20290718174338,490.749453517674,488.95969657192,1.24,1.24,0.83316,4.61231063221635,0,0.0653039229064782,0.0653039229064782,0.0438256038357958
2003-03-01,4.51086609990171,5.21439213161028,495.017732505914,5.9,1.25,1.24,10.77,2.25743,4.51360847189964,4.51236277165182,5.9,5.8,5.21275947818639,5.20729796816087,492.435092549924,490.749453517674,1.26,1.24,NA,4.61408235437467,0.0428747700320933,0,0,0.0653039229064782
2003-04-01,4.50458823478324,5.21057845224003,491.852000518845,6,1.26,1.27,9.51,NA,4.51086609990171,4.51360847189964,5.9,5.9,5.21439213161028,5.21275947818639,495.017732505914,492.435092549924,1.25,1.26,2.25743,4.62077086017667,0,0.0428747700320933,0.0428747700320933,0
2003-05-01,4.50424426739813,5.20893955539682,491.77887437299,6.1,1.26,1.18,9.4,1.53838,4.50458823478324,4.51086609990171,6,5.9,5.21057845224003,5.21439213161028,491.852000518845,495.017732505914,1.26,1.25,NA,4.62130826388016,-0.0852267430564459,0,0,0.0428747700320933
2003-06-01,4.50556640184263,5.21003245168046,492.725368515721,6.3,1.22,1.01,8.91,13.30921,4.50424426739813,4.50458823478324,6.1,6,5.20893955539682,5.21057845224003,491.77887437299,491.852000518845,1.26,1.26,1.53838,4.6215817760935,0.131476601937948,-0.0852267430564459,-0.0852267430564459,0
2003-07-01,4.51071554011023,5.21330399222108,492.507740573461,6.2,1.01,1.12,9.3,NA,4.50556640184263,4.50424426739813,6.3,6.1,5.21003245168046,5.20893955539682,492.725368515721,491.77887437299,1.22,1.26,13.30921,4.62001249199099,0,0.131476601937948,0.131476601937948,-0.0852267430564459
2003-08-01,4.50858549433848,5.21764946348058,492.725368515721,6.1,1.03,1.31,9.13,0.34862,4.51071554011023,4.50556640184263,6.2,6.3,5.21330399222108,5.21003245168046,492.507740573461,492.725368515721,1.01,1.22,NA,4.62197125428617,-0.0225660422798381,0,0,0.131476601937948
2003-09-01,4.51504742821488,5.22089621957945,493.087032562739,6.1,1.01,1.24,8.61,-0.52173,4.50858549433848,4.51071554011023,6.1,6.2,5.21764946348058,5.21330399222108,492.725368515721,492.507740573461,1.03,1.01,0.34862,4.62441187167221,0.0238947169005634,-0.0225660422798381,-0.0225660422798381,0
2003-10-01,4.51639252276019,5.21981513839308,493.662988078576,6,1.01,1.25,8.25,-0.34977,4.51504742821488,4.50858549433848,6.1,6.1,5.22089621957945,5.21764946348058,493.087032562739,492.725368515721,1.01,1.03,-0.52173,4.62148241520039,-0.107735562730021,0.0238947169005634,0.0238947169005634,-0.0225660422798381
2003-11-01,4.52316263260218,5.22035582507832,493.37542497603,5.8,1,1.34,8.09,NA,4.51639252276019,4.51504742821488,6,6.1,5.21981513839308,5.22089621957945,493.662988078576,493.087032562739,1.01,1.01,-0.34977,4.62709506950851,0,-0.107735562730021,-0.107735562730021,0.0238947169005634
2003-12-01,4.52366941585793,5.22305488204749,493.806460126142,5.7,0.98,1.31,7.69,-0.2943,4.52316263260218,4.51639252276019,5.8,6,5.22035582507832,5.21981513839308,493.37542497603,493.662988078576,1,1.01,NA,4.62767895230647,0.0297863936397605,0,0,-0.107735562730021
2004-01-01,4.52533445689301,5.22735827760754,495.159275346247,5.7,1,1.24,7.48,-0.09251,4.52366941585793,4.52316263260218,5.7,5.8,5.22305488204749,5.22035582507832,493.806460126142,493.37542497603,0.98,1,-0.2943,4.62643546857251,0.141472763808943,0.0297863936397605,0.0297863936397605,0
2004-02-01,4.53151826367399,5.22950305054768,495.653103510305,5.6,1.01,1.24,7.58,NA,4.52533445689301,4.52366941585793,5.7,5.7,5.22735827760754,5.22305488204749,495.159275346247,493.806460126142,1,0.98,-0.09251,4.62277038972907,0,0.141472763808943,0.141472763808943,0.0297863936397605
2004-03-01,4.52760640323973,5.23164323328004,496.35436865624,5.8,1,1.19,7.52,-0.08316,4.53151826367399,4.52533445689301,5.6,5.7,5.22950305054768,5.22735827760754,495.653103510305,495.159275346247,1.01,1,NA,4.61957395189869,-0.0753086666934861,0,0,0.141472763808943
2004-04-01,4.53147735841916,5.23324536980432,497.535347995162,5.6,1,1.43,7.78,NA,4.52760640323973,4.53151826367399,5.8,5.6,5.23164323328004,5.22950305054768,496.35436865624,495.653103510305,1,1.01,-0.08316,4.61269579740536,0,-0.0753086666934861,-0.0753086666934861,0
2004-05-01,4.53886477148004,5.23750522715128,498.907111618042,5.6,1,1.78,8.32,-0.74346,4.53147735841916,4.52760640323973,5.6,5.8,5.23324536980432,5.23164323328004,497.535347995162,496.35436865624,1,1,NA,4.60650529433417,-0.0291932061830024,0,0,-0.0753086666934861
2004-06-01,4.53114790247069,5.24121777450746,499.179220629478,5.6,1.03,2.12,8.16,-0.66711,4.53886477148004,4.53147735841916,5.6,5.6,5.23750522715128,5.23324536980432,498.907111618042,497.535347995162,1,1,-0.74346,4.60389737630941,-0.0122202767051065,-0.0291932061830024,-0.0291932061830024,0
2004-07-01,4.53849819061199,5.24227597566441,499.314997975524,5.5,1.26,2.1,7.96,NA,4.53114790247069,4.53886477148004,5.6,5.6,5.24121777450746,5.23750522715128,499.179220629478,498.907111618042,1.03,1,-0.66711,4.5993472656453,0,-0.0122202767051065,-0.0122202767051065,-0.0291932061830024
2004-08-01,4.53935191298398,5.24280465661778,499.721227376411,5.4,1.43,2.02,7.67,1.42244,4.53849819061199,4.53114790247069,5.5,5.6,5.24227597566441,5.24121777450746,499.314997975524,499.179220629478,1.26,1.03,NA,4.58342649604813,0.0736429072235316,0,0,-0.0122202767051065
2004-09-01,4.54047485255612,5.24597088617583,499.518318953733,5.4,1.61,2.12,7.48,-0.01879,4.53935191298398,4.53849819061199,5.4,5.5,5.24280465661778,5.24227597566441,499.721227376411,499.314997975524,1.43,1.26,1.42244,4.53857728939893,-0.0130585842427143,0.0736429072235316,0.0736429072235316,0
2004-10-01,4.54933501392452,5.25122575901419,501.063529409626,5.5,1.76,2.23,7.21,NA,4.54047485255612,4.53935191298398,5.4,5.4,5.24597088617583,5.24280465661778,499.518318953733,499.721227376411,1.61,1.43,-0.01879,4.54858396135785,0,-0.0130585842427143,-0.0130585842427143,0.0736429072235316
2004-11-01,4.55178523192061,5.2559316500516,501.992534100335,5.4,1.93,2.5,7.13,0.00632,4.54933501392452,4.54047485255612,5.5,5.4,5.25122575901419,5.24597088617583,501.063529409626,499.518318953733,1.76,1.61,NA,4.53540951982223,-0.0588955767568913,0,0,-0.0130585842427143
2004-12-01,4.55956070806884,5.2559316500516,501.196773933003,5.4,2.16,2.67,6.98,0.00429,4.55178523192061,4.54933501392452,5.4,5.5,5.2559316500516,5.25122575901419,501.992534100335,501.063529409626,1.93,1.76,0.00632,4.5067477681914,-0.0177779926194163,-0.0588955767568913,-0.0588955767568913,0
2005-01-01,4.56308176488811,5.25540986553676,501.66173657738,5.3,2.28,2.86,7.17,NA,4.55956070806884,4.55178523192061,5.4,5.4,5.2559316500516,5.2559316500516,501.196773933003,501.992534100335,2.16,1.93,0.00429,4.4815461247067,0,-0.0177779926194163,-0.0177779926194163,-0.0588955767568913
2005-02-01,4.57027745359989,5.25957653823161,502.124547320827,5.4,2.5,3.03,6.98,-0.55152,4.56308176488811,4.55956070806884,5.3,5.4,5.25540986553676,5.2559316500516,501.66173657738,501.196773933003,2.28,2.16,NA,4.47555113018348,-0.0245350053451472,0,0,-0.0177779926194163
2005-03-01,4.56886402140879,5.26320818943447,503.500265054455,5.2,2.63,3.3,7.84,0.00159,4.57027745359989,4.56308176488811,5.4,5.3,5.25957653823161,5.25540986553676,502.124547320827,501.66173657738,2.5,2.28,-0.55152,4.45978481171645,0.063515692610204,-0.0245350053451472,-0.0245350053451472,0
2005-04-01,4.57093788996736,5.26631057041295,504.342511691925,5.2,2.79,3.32,8.21,NA,4.56886402140879,4.57027745359989,5.2,5.4,5.26320818943447,5.25957653823161,503.500265054455,502.124547320827,2.63,2.5,0.00159,4.45190594648982,0,0.063515692610204,0.063515692610204,-0.0245350053451472
2005-05-01,4.57187293444492,5.26579417484248,503.889875936911,5.1,3,3.33,7.99,0.11712516723574,4.57093788996736,4.56886402140879,5.2,5.2,5.26631057041295,5.26320818943447,504.342511691925,503.500265054455,2.79,2.63,NA,4.44198750684549,0.0215886788442815,0,0,0.063515692610204
2005-06-01,4.57623867695701,5.26631057041295,503.889875936911,5,3.04,3.36,7.7,-0.10387,4.57187293444492,4.57093788996736,5.1,5.2,5.26579417484248,5.26631057041295,503.889875936911,504.342511691925,3,2.79,0.11712516723574,4.43881567474818,0.0587029189232907,0.0215886788442815,0.0215886788442815,0
2005-07-01,4.57305703417163,5.27248660651351,505.177723742743,5,3.26,3.64,7.51,NA,4.57623867695701,4.57187293444492,5,5.1,5.26631057041295,5.26579417484248,503.889875936911,503.889875936911,3.04,3,-0.10387,4.45068128230293,0,0.0587029189232907,0.0587029189232907,0.0215886788442815
2005-08-01,4.5763426363162,5.2786247332023,506.006017742378,4.9,3.5,3.87,7.62,0.04223,4.57305703417163,4.57623867695701,5,5,5.27248660651351,5.26631057041295,505.177723742743,503.889875936911,3.26,3.04,NA,4.46175352325105,-0.0321241256682155,0,0,0.0587029189232907
2005-09-01,4.55678214095792,5.29229929422247,508.883014168131,5,3.62,3.85,7.84,2.97223,4.5763426363162,4.57305703417163,4.9,5,5.2786247332023,5.27248660651351,506.006017742378,505.177723742743,3.5,3.26,0.04223,4.47029045619399,0.0146738213577052,-0.0321241256682155,-0.0321241256682155,0
2005-10-01,4.5689324593035,5.29380721107015,511.319188242135,5,3.78,4.18,8.15,NA,4.55678214095792,4.5763426363162,5,4.9,5.29229929422247,5.2786247332023,508.883014168131,506.006017742378,3.62,3.5,2.97223,4.47256293763925,0,0.0146738213577052,0.0146738213577052,-0.0321241256682155
2005-11-01,4.57986878812557,5.28877195370451,509.803548437709,5,4,4.33,8.17,0.0678,4.5689324593035,4.55678214095792,5,5,5.29380721107015,5.29229929422247,511.319188242135,508.883014168131,3.78,3.62,NA,4.47664111799206,-0.00395455177655354,0,0,0.0146738213577052
2005-12-01,4.58468478565544,5.28877195370451,509.375020080676,4.9,4.16,4.35,8.13,0.13007,4.57986878812557,4.5689324593035,5,5,5.28877195370451,5.29380721107015,509.803548437709,511.319188242135,4,3.78,0.0678,4.48006490802654,-0.040024819870018,-0.00395455177655354,-0.00395455177655354,0
2006-01-01,4.58626255806046,5.29481122721875,510.169402504322,4.7,4.29,4.45,7.96,0.4709,4.58468478565544,4.57986878812557,4.9,5,5.28877195370451,5.28877195370451,509.375020080676,509.803548437709,4.16,4,0.13007,4.49076556206667,0.0301108625353025,-0.040024819870018,-0.040024819870018,-0.00395455177655354
2006-02-01,4.58668742728202,5.29531285752774,508.636100462439,4.8,4.49,4.68,8,NA,4.58626255806046,4.58468478565544,4.7,4.9,5.29481122721875,5.28877195370451,510.169402504322,509.375020080676,4.29,4.16,0.4709,4.49429002060809,0,0.0301108625353025,0.0301108625353025,-0.040024819870018
2006-03-01,4.58895238551526,5.29681624042177,508.883014168131,4.7,4.59,4.77,8.01,0.36577,4.58668742728202,4.58626255806046,4.8,4.7,5.29531285752774,5.29481122721875,508.636100462439,510.169402504322,4.49,4.29,NA,4.50131520311349,0.0480213274271892,0,0,0.0301108625353025
2006-04-01,4.5919086391049,5.30181125580229,510.169402504322,4.7,4.79,4.9,8.05,NA,4.58895238551526,4.58668742728202,4.7,4.8,5.29681624042177,5.29531285752774,508.883014168131,508.636100462439,4.59,4.49,0.36577,4.5049155022466,0,0.0480213274271892,0.0480213274271892,0
2006-05-01,4.5921599182997,5.30479633264575,511.078224270119,4.6,4.94,5,8.23,-0.01284,4.5919086391049,4.58895238551526,4.7,4.7,5.30181125580229,5.29681624042177,510.169402504322,508.883014168131,4.79,4.59,NA,4.51853764632145,0.053834062528932,0,0,0.0480213274271892
2006-06-01,4.59552178954814,5.30727710791951,511.259001661925,4.6,4.99,5.16,8.5,-1.37368,4.5921599182997,4.5919086391049,4.6,4.7,5.30479633264575,5.30181125580229,511.078224270119,510.169402504322,4.94,4.79,-0.01284,4.52073693731324,-0.0275448427297442,0.053834062528932,0.053834062528932,0
2006-07-01,4.59486830334783,5.31271324683177,511.679548992465,4.7,5.24,5.22,8.43,NA,4.59552178954814,4.5921599182997,4.6,4.6,5.30727710791951,5.30479633264575,511.259001661925,511.078224270119,4.99,4.94,-1.37368,4.52455539804117,0,-0.0275448427297442,-0.0275448427297442,0.053834062528932
2006-08-01,4.5991993962469,5.31713912078862,512.33685640835,4.7,5.25,5.08,8.24,-4.14658,4.59486830334783,4.59552178954814,4.7,4.6,5.31271324683177,5.30727710791951,511.679548992465,511.259001661925,5.24,4.99,NA,4.52822002479278,-0.0229900071055173,0,0,-0.0275448427297442
2006-09-01,4.59738596741888,5.31222027171703,510.836678258959,4.5,5.25,4.97,8.08,-0.06366,4.5991993962469,4.59486830334783,4.7,4.7,5.31713912078862,5.31271324683177,512.33685640835,511.679548992465,5.25,5.24,-4.14658,4.53102082836262,0.0306585981764149,-0.0229900071055173,-0.0229900071055173,0
2006-10-01,4.59636049435859,5.30777252531879,508.883014168131,4.4,5.25,5.01,7.91,-0.53817,4.59738596741888,4.5991993962469,4.5,4.7,5.31222027171703,5.31713912078862,510.836678258959,512.33685640835,5.25,5.25,-0.06366,4.52832477816617,-0.00111715307402977,0.0306585981764149,0.0306585981764149,-0.0229900071055173
2006-11-01,4.59609210461472,5.30826769740121,510.351828824297,4.5,5.25,5.01,7.69,NA,4.59636049435859,4.59738596741888,4.4,4.5,5.30777252531879,5.31222027171703,508.883014168131,510.836678258959,5.25,5.25,-0.53817,4.52902968811424,0,-0.00111715307402977,-0.00111715307402977,0.0306585981764149
2006-12-01,4.6062945536498,5.31369846858634,510.957524195116,4.4,5.24,4.94,7.63,-0.36734,4.59609210461472,4.59636049435859,4.5,4.4,5.30826769740121,5.30777252531879,510.351828824297,508.883014168131,5.25,5.25,NA,4.53894063586661,-0.0377475824035397,0,0,-0.00111715307402977
2007-01-01,4.60271316999492,5.31535637464257,509.98664278242,4.6,5.25,5.06,7.58,0.12657,4.6062945536498,4.59609210461472,4.4,4.5,5.31369846858634,5.30826769740121,510.957524195116,510.351828824297,5.24,5.25,-0.36734,4.53677249448924,-0.00283518033278483,-0.0377475824035397,-0.0377475824035397,0
2007-02-01,4.61231063221635,5.31922722377611,511.679548992465,4.5,5.26,5.05,7.38,NA,4.60271316999492,4.6062945536498,4.6,4.4,5.31535637464257,5.31369846858634,509.98664278242,510.957524195116,5.25,5.24,0.12657,4.53264787907941,0,-0.00283518033278483,-0.00283518033278483,-0.0377475824035397
2007-03-01,4.61408235437467,5.32441387126931,513.167228913909,4.4,5.26,4.92,7.49,-0.59946,4.61231063221635,4.60271316999492,4.5,4.6,5.31922722377611,5.31535637464257,511.679548992465,509.98664278242,5.26,5.25,NA,4.54295855553937,-0.0692149515099732,0,0,-0.00283518033278483
2007-04-01,4.62077086017667,5.32741004075131,514.400000616368,4.5,5.25,4.93,7.35,NA,4.61408235437467,4.61231063221635,4.4,4.5,5.32441387126931,5.31922722377611,513.167228913909,511.679548992465,5.26,5.26,-0.59946,4.53964024021816,0,-0.0692149515099732,-0.0692149515099732,0
2007-05-01,4.62130826388016,5.33153451740823,515.502419672156,4.4,5.25,4.91,7.37,-0.01438,4.62077086017667,4.61408235437467,4.5,4.4,5.32741004075131,5.32441387126931,514.400000616368,513.167228913909,5.25,5.26,NA,4.5408695032314,0.0477887749819019,0,0,-0.0692149515099732
2007-06-01,4.6215817760935,5.33384858958769,515.790521283129,4.6,5.25,4.96,7.98,-0.06907,4.62130826388016,4.62077086017667,4.4,4.5,5.33153451740823,5.32741004075131,515.502419672156,514.400000616368,5.25,5.25,-0.01438,4.54381911286979,0.0068074046365516,0.0477887749819019,0.0477887749819019,0
2007-07-01,4.62001249199099,5.33562760205437,516.535723929181,4.7,5.26,4.96,8.9,NA,4.6215817760935,4.62130826388016,4.6,4.4,5.33384858958769,5.33153451740823,515.790521283129,515.502419672156,5.25,5.25,-0.06907,4.54855538906757,0,0.0068074046365516,0.0068074046365516,0.0477887749819019
2007-08-01,4.62197125428617,5.33593583525449,514.981735822959,4.6,5.02,4.47,8.96,0.161686942886555,4.62001249199099,4.6215817760935,4.7,4.6,5.33562760205437,5.33384858958769,516.535723929181,515.790521283129,5.26,5.25,NA,4.55490162953513,0.0579860578690999,0,0,0.0068074046365516
2007-09-01,4.62441187167221,5.34016443549993,515.617759938691,4.7,4.94,4.14,8.55,-21.03079,4.62197125428617,4.62001249199099,4.6,4.7,5.33593583525449,5.33562760205437,514.981735822959,516.535723929181,5.02,5.26,0.161686942886555,4.55413370072752,-0.128891074863685,0.0579860578690999,0.0579860578690999,0
2007-10-01,4.62148241520039,5.34324292990103,516.307021714001,4.7,4.76,4.1,8.63,-2.59216,4.62441187167221,4.62197125428617,4.7,4.6,5.34016443549993,5.33593583525449,515.617759938691,514.981735822959,4.94,5.02,-21.03079,4.56110439437543,0.0923568471680851,-0.128891074863685,-0.128891074863685,0.0579860578690999
2007-11-01,4.62709506950851,5.3510710939839,518.738580584076,4.7,4.49,3.5,9.37,NA,4.62148241520039,4.62441187167221,4.7,4.7,5.34324292990103,5.34016443549993,516.307021714001,515.617759938691,4.76,4.94,-2.59216,4.56098629662693,0,0.0923568471680851,0.0923568471680851,-0.128891074863685
2007-12-01,4.62767895230647,5.35396491738685,518.51486684424,5,4.24,3.26,9.53,3.30383,4.62709506950851,4.62148241520039,4.7,4.7,5.3510710939839,5.34324292990103,518.738580584076,516.307021714001,4.49,4.76,NA,4.56623079326051,0.10321711702166,0,0,0.0923568471680851
2008-01-01,4.62643546857251,5.35740669275402,519.849703126583,5,3.94,2.71,10.03,-10.57658,4.62767895230647,4.62709506950851,5,4.7,5.35396491738685,5.3510710939839,518.51486684424,518.738580584076,4.24,4.49,3.30383,4.57222851830392,-0.112491090100117,0.10321711702166,0.10321711702166,0
2008-02-01,4.62277038972907,5.35982160139148,520.784546338396,4.9,2.98,2.05,10.49,NA,4.62643546857251,4.62767895230647,5,5,5.35740669275402,5.35396491738685,519.849703126583,518.51486684424,3.94,4.24,-10.57658,4.57539321995056,0,-0.112491090100117,-0.112491090100117,0.10321711702166
2008-03-01,4.61957395189869,5.36339324328422,523.590990641942,5.1,2.61,1.54,10.9,11.3441494459148,4.62277038972907,4.62643546857251,4.9,5,5.35982160139148,5.35740669275402,520.784546338396,519.849703126583,2.98,3.94,NA,4.5701738973755,0.166128596366234,0,0,-0.112491090100117
2008-04-01,4.61269579740536,5.36570495024973,525.17497307317,5,2.28,1.74,10.07,-5.99294,4.61957395189869,4.62277038972907,5.1,4.9,5.36339324328422,5.35982160139148,523.590990641942,520.784546338396,2.61,2.98,11.3441494459148,4.57729526522204,-0.0615018919659865,0.166128596366234,0.166128596366234,0
2008-05-01,4.60650529433417,5.37160500231786,528.117120771307,5.4,1.98,2.06,10.09,NA,4.61269579740536,4.61957395189869,5,5.1,5.36570495024973,5.36339324328422,525.17497307317,523.590990641942,2.28,2.61,-5.99294,4.57943690709233,0,-0.0615018919659865,-0.0615018919659865,0.166128596366234
2008-06-01,4.60389737630941,5.38202872111502,530.081424674662,5.6,2,2.42,10.83,-1.53342,4.60650529433417,4.61269579740536,5.4,5,5.37160500231786,5.36570495024973,528.117120771307,525.17497307317,1.98,2.28,NA,4.57961440097156,-0.0533477904153941,0,0,-0.0615018919659865
2008-07-01,4.5993472656453,5.38914478650853,532.544603393629,5.8,2.01,2.28,11.39,NA,4.60389737630941,4.60650529433417,5.6,5.4,5.38202872111502,5.37160500231786,530.081424674662,528.117120771307,2,1.98,-1.53342,4.58160878333843,0,-0.0533477904153941,-0.0533477904153941,0
2008-08-01,4.58342649604813,5.38765520190023,529.330482472449,6.1,2,2.18,11.54,-0.40744,4.5993472656453,4.60389737630941,5.8,5.6,5.38914478650853,5.38202872111502,532.544603393629,530.081424674662,2.01,2,NA,4.57752557052152,0.00551989996279111,0,0,-0.0533477904153941
2008-09-01,4.53857728939893,5.3885099281999,528.269598564508,6.1,1.81,1.91,14.03,10.37303,4.58342649604813,4.5993472656453,6.1,5.8,5.38765520190023,5.38914478650853,529.330482472449,532.544603393629,2,2.01,-0.40744,4.5769939375784,0.154661645508479,0.00551989996279111,0.00551989996279111,0
2008-10-01,4.54858396135785,5.37987431180035,522.789490225149,6.5,0.97,1.42,19.08,-5.15095,4.53857728939893,4.58342649604813,6.1,6.1,5.3885099281999,5.38765520190023,528.269598564508,529.330482472449,1.81,2,10.37303,4.58017130150127,0.182014341027953,0.154661645508479,0.154661645508479,0.00551989996279111
2008-11-01,4.53540951982223,5.36201021770753,517.501915020354,6.8,0.39,1.07,21.81,-0.05027,4.54858396135785,4.53857728939893,6.5,6.1,5.37987431180035,5.3885099281999,522.789490225149,528.269598564508,0.97,1.81,-5.15095,4.58403234769431,0,0.182014341027953,0.182014341027953,0.154661645508479
2008-12-01,4.5067477681914,5.35374261265345,514.107859012155,7.3,0.16,0.49,19.57,-13.70242,4.53540951982223,4.54858396135785,6.8,6.5,5.36201021770753,5.37987431180035,517.501915020354,522.789490225149,0.39,0.97,-0.05027,4.58688808211005,-0.129721397064867,0,0,0.182014341027953
2009-01-01,4.4815461247067,5.35627018698571,514.283246370764,7.8,0.15,0.44,18.18,-0.04783,4.5067477681914,4.53540951982223,7.3,6.8,5.35374261265345,5.36201021770753,514.107859012155,517.501915020354,0.16,0.39,-13.70242,4.58673734011284,0.0280855033033544,-0.129721397064867,-0.129721397064867,0
2009-02-01,4.47555113018348,5.35990622921716,513.167228913909,8.3,0.22,0.62,19.47,NA,4.4815461247067,4.5067477681914,7.8,7.3,5.35627018698571,5.35374261265345,514.283246370764,514.107859012155,0.15,0.16,-0.04783,4.5915113270374,0,0.0280855033033544,0.0280855033033544,-0.129721397064867
2009-03-01,4.45978481171645,5.35891845867589,512.455904041457,8.7,0.18,0.64,18.73,-0.05889,4.47555113018348,4.4815461247067,8.3,7.8,5.35990622921716,5.35627018698571,513.167228913909,514.283246370764,0.22,0.15,NA,4.59559448495241,-0.0272796222818095,0,0,0.0280855033033544
2009-04-01,4.45190594648982,5.35992503442808,513.049025590454,9,0.15,0.55,15.54,-0.01426,4.45978481171645,4.47555113018348,8.7,8.3,5.35891845867589,5.35990622921716,512.455904041457,513.167228913909,0.18,0.22,-0.05889,4.59455908687565,0.0321113719161043,-0.0272796222818095,-0.0272796222818095,0
2009-05-01,4.44198750684549,5.36139544676073,514.049328135447,9.4,0.18,0.5,14.02,NA,4.45190594648982,4.45978481171645,9,8.7,5.35992503442808,5.35891845867589,513.049025590454,512.455904041457,0.15,0.18,-0.01426,4.59550664400706,0,0.0321113719161043,0.0321113719161043,-0.0272796222818095
2009-06-01,4.43881567474818,5.36966080661617,515.962984677414,9.5,0.21,0.51,13.06,0.39013,4.44198750684549,4.45190594648982,9.4,9,5.36139544676073,5.35992503442808,514.049328135447,513.049025590454,0.18,0.15,NA,4.59736077173661,0.0541452492468988,0,0,0.0321113719161043
2009-07-01,4.45068128230293,5.36936279676102,515.039723647141,9.5,0.16,0.48,11.73,NA,4.43881567474818,4.44198750684549,9.5,9.4,5.36966080661617,5.36139544676073,515.962984677414,514.049328135447,0.21,0.18,0.39013,4.59409609395178,0,0.0541452492468988,0.0541452492468988,0
2009-08-01,4.46175352325105,5.3727056565519,516.478597392352,9.6,0.16,0.46,11.47,-0.06379,4.45068128230293,4.43881567474818,9.5,9.5,5.36936279676102,5.36966080661617,515.039723647141,515.962984677414,0.16,0.21,NA,4.60005412121829,0.00278457435059993,0,0,0.0541452492468988
2009-09-01,4.47029045619399,5.37463468201873,515.962984677414,9.8,0.15,0.4,10.21,-0.67065,4.46175352325105,4.45068128230293,9.6,9.5,5.3727056565519,5.36936279676102,516.478597392352,515.039723647141,0.16,0.16,-0.06379,4.60538016394118,-0.0967760211705375,0.00278457435059993,0.00278457435059993,0
2009-10-01,4.47256293763925,5.37763211701732,516.592817850229,10,0.12,0.37,9.95,NA,4.47029045619399,4.46175352325105,9.8,9.6,5.37463468201873,5.3727056565519,515.962984677414,516.478597392352,0.15,0.16,-0.67065,4.60420672200569,0,-0.0967760211705375,-0.0967760211705375,0.00278457435059993
2009-11-01,4.47664111799206,5.38097511356225,517.840706987548,9.9,0.12,0.31,9.72,-0.25241,4.47256293763925,4.47029045619399,10,9.8,5.37763211701732,5.37463468201873,516.592817850229,515.962984677414,0.12,0.15,NA,4.6067509359443,-0.00155673201673686,0,0,-0.0967760211705375
2009-12-01,4.48006490802654,5.38149515471705,518.234519029562,9.9,0.12,0.37,9.08,-1.80707,4.47664111799206,4.47256293763925,9.9,10,5.38097511356225,5.37763211701732,517.840706987548,516.592817850229,0.12,0.12,-0.25241,4.6089032095772,0.00201702376481369,-0.00155673201673686,-0.00155673201673686,0
2010-01-01,4.49076556206667,5.38214367659289,520.345708552408,9.8,0.11,0.35,8.94,0.06435,4.48006490802654,4.47664111799206,9.9,9.9,5.38149515471705,5.38097511356225,518.234519029562,517.840706987548,0.12,0.12,-1.80707,4.60506918088725,0.0641981458222207,0.00201702376481369,0.00201702376481369,-0.00155673201673686
2010-02-01,4.49429002060809,5.38119144671615,519.849703126583,9.8,0.13,0.35,9.08,NA,4.49076556206667,4.48006490802654,9.8,9.9,5.38214367659289,5.38149515471705,520.345708552408,518.234519029562,0.11,0.12,0.06435,4.61261341629342,0,0.0641981458222207,0.0641981458222207,0.00201702376481369
2010-03-01,4.50131520311349,5.38152275996204,521.112415484566,9.9,0.16,0.4,8.48,-0.49492,4.49429002060809,4.49076556206667,9.8,9.8,5.38119144671615,5.38214367659289,519.849703126583,520.345708552408,0.13,0.11,NA,4.62245494021828,-0.0195601462325435,0,0,0.0641981458222207
2010-04-01,4.5049155022466,5.38175277403992,521.710731112249,9.9,0.2,0.45,8.13,0.05465,4.50131520311349,4.49429002060809,9.9,9.8,5.38152275996204,5.38119144671615,521.112415484566,519.849703126583,0.16,0.13,-0.49492,4.62327824105252,0.000264886861815278,-0.0195601462325435,-0.0195601462325435,0
2010-05-01,4.51853764632145,5.38123286687534,521.927415920758,9.6,0.2,0.37,9.21,NA,4.5049155022466,4.50131520311349,9.9,9.9,5.38175277403992,5.38152275996204,521.710731112249,521.112415484566,0.2,0.16,0.05465,4.62731516587248,0,0.000264886861815278,0.000264886861815278,-0.0195601462325435
2010-06-01,4.52073693731324,5.38081398399762,521.221466749462,9.4,0.18,0.32,9.02,0.59673,4.51853764632145,4.5049155022466,9.6,9.9,5.38123286687534,5.38175277403992,521.927415920758,521.710731112249,0.2,0.2,NA,4.63061763556855,0.0302547787533246,0,0,0.000264886861815278
2010-07-01,4.52455539804117,5.38268149265897,521.547908823903,9.4,0.18,0.29,8.33,NA,4.52073693731324,4.51853764632145,9.4,9.6,5.38081398399762,5.38123286687534,521.221466749462,521.927415920758,0.18,0.2,0.59673,4.63274060493817,0,0.0302547787533246,0.0302547787533246,0
2010-08-01,4.52822002479278,5.38414178938621,521.981513839308,9.5,0.19,0.26,8.42,0.51426,4.52455539804117,4.52073693731324,9.4,9.4,5.38268149265897,5.38081398399762,521.547908823903,521.221466749462,0.18,0.18,NA,4.63115172365509,-0.00678964975520483,0,0,0.0302547787533246
2010-09-01,4.53102082836262,5.38575573569687,521.981513839308,9.5,0.19,0.26,7.78,0.99158,4.52822002479278,4.52455539804117,9.5,9.4,5.38414178938621,5.38268149265897,521.981513839308,521.547908823903,0.19,0.18,0.51426,4.6341628085627,-0.0186123554688507,-0.00678964975520483,-0.00678964975520483,0
2010-10-01,4.52832477816617,5.38923153439867,522.896728841324,9.4,0.19,0.23,7.43,NA,4.53102082836262,4.52822002479278,9.5,9.5,5.38575573569687,5.38414178938621,521.981513839308,521.981513839308,0.19,0.19,0.99158,4.63435124699148,0,-0.0186123554688507,-0.0186123554688507,-0.00678964975520483
2010-11-01,4.52902968811424,5.3917621712579,523.484494359246,9.8,0.19,0.25,7.93,0.75935,4.52832477816617,4.53102082836262,9.4,9.5,5.38923153439867,5.38575573569687,522.896728841324,521.981513839308,0.19,0.19,NA,4.64051609407867,-0.00611690164671723,0,0,-0.0186123554688507
2010-12-01,4.53894063586661,5.39577070269675,524.544387694097,9.3,0.18,0.29,7.6,0.00139,4.52902968811424,4.52832477816617,9.8,9.4,5.3917621712579,5.38923153439867,523.484494359246,522.896728841324,0.19,0.19,0.75935,4.64068307210021,-0.00793650931089264,-0.00611690164671723,-0.00611690164671723,0
2011-01-01,4.53677249448924,5.39900849757756,526.113457542032,9.1,0.17,0.27,7.24,-0.02404,4.53894063586661,4.52902968811424,9.3,9.8,5.39577070269675,5.3917621712579,524.544387694097,523.484494359246,0.18,0.19,0.00139,4.63271044749198,-0.00917487682658463,-0.00793650931089264,-0.00793650931089264,-0.00611690164671723
2011-02-01,4.53264787907941,5.40221781682898,527.709373009641,9,0.16,0.29,7.09,NA,4.53677249448924,4.53894063586661,9.1,9.3,5.39900849757756,5.39577070269675,526.113457542032,524.544387694097,0.17,0.18,-0.02404,4.62631113302104,0,-0.00917487682658463,-0.00917487682658463,-0.00793650931089264
2011-03-01,4.54295855553937,5.40737802821464,529.43093451505,9,0.14,0.26,7.17,0.10589,4.53264787907941,4.53677249448924,9,9.1,5.40221781682898,5.39900849757756,527.709373009641,526.113457542032,0.16,0.17,NA,4.62288141214245,0.00298829727627761,0,0,-0.00917487682658463
2011-04-01,4.53964024021816,5.41206114426369,531.369846858634,9.1,0.1,0.25,6.96,0.03082,4.54295855553937,4.53264787907941,9,9,5.40737802821464,5.40221781682898,529.43093451505,527.709373009641,0.14,0.16,0.10589,4.61735070139726,-0.0255840718137398,0.00298829727627761,0.00298829727627761,0
2011-05-01,4.5408695032314,5.41523780805481,531.86100698158,9,0.09,0.19,7.03,NA,4.53964024021816,4.54295855553937,9.1,9,5.41206114426369,5.40737802821464,531.369846858634,529.43093451505,0.1,0.14,0.03082,4.61281588301364,0,-0.0255840718137398,-0.0255840718137398,0.00298829727627761
2011-06-01,4.54381911286979,5.41523780805481,531.762967758041,9.1,0.09,0.18,7.44,0.05146,4.5408695032314,4.53964024021816,9,9.1,5.41523780805481,5.41206114426369,531.86100698158,531.369846858634,0.09,0.1,NA,4.6097476931978,0.0237370737270358,0,0,-0.0255840718137398
2011-07-01,4.54855538906757,5.41785441857348,532.105685351753,9,0.07,0.19,7.25,NA,4.54381911286979,4.5408695032314,9.1,9,5.41523780805481,5.41523780805481,531.762967758041,531.86100698158,0.09,0.09,0.05146,4.61600428461929,0,0.0237370737270358,0.0237370737270358,0
2011-08-01,4.55490162953513,5.42100391586239,531.419071570433,9,0.1,0.11,8.51,-0.31872,4.54855538906757,4.54381911286979,9,9.1,5.41785441857348,5.41523780805481,532.105685351753,531.762967758041,0.07,0.09,NA,4.61429344223606,-0.0062032499809142,0,0,0.0237370737270358
2011-09-01,4.55413370072752,5.42317310931827,531.664832323276,9,0.08,0.1,9.54,1.50668,4.55490162953513,4.54855538906757,9,9,5.42100391586239,5.41785441857348,531.419071570433,532.105685351753,0.1,0.07,-0.31872,4.61148023568411,0.0668313712737119,-0.0062032499809142,-0.0062032499809142,0
2011-10-01,4.56110439437543,5.42384808899525,530.380229677861,8.8,0.07,0.11,8.29,NA,4.55413370072752,4.55490162953513,9,9,5.42317310931827,5.42100391586239,531.664832323276,531.419071570433,0.08,0.1,1.50668,4.60673196577489,0,0.0668313712737119,0.0668313712737119,-0.0062032499809142
2011-11-01,4.56098629662693,5.42569423387574,530.529298028446,8.6,0.08,0.11,8.94,-0.02722,4.56110439437543,4.55413370072752,8.8,9,5.42384808899525,5.42317310931827,530.380229677861,531.664832323276,0.07,0.08,NA,4.59952025514567,0.0215237689559124,0,0,0.0668313712737119
2011-12-01,4.56623079326051,5.42593191411771,529.731686621445,8.5,0.07,0.12,8.29,-0.23499,4.56098629662693,4.56110439437543,8.6,8.8,5.42569423387574,5.42384808899525,530.529298028446,530.380229677861,0.08,0.07,-0.02722,4.59458536388792,0.0180705088407858,0.0215237689559124,0.0215237689559124,0
2012-01-01,4.57222851830392,5.42865240627497,530.181125580229,8.3,0.08,0.12,7.57,0.03607,4.56623079326051,4.56098629662693,8.5,8.6,5.42593191411771,5.42569423387574,529.731686621445,530.529298028446,0.07,0.08,-0.23499,4.59954539647767,-0.0354886065424509,0.0180705088407858,0.0180705088407858,0.0215237689559124
2012-02-01,4.57539321995056,5.43078757131184,530.628553619721,8.3,0.1,0.16,7.09,NA,4.57222851830392,4.56623079326051,8.3,8.5,5.42865240627497,5.42593191411771,530.181125580229,529.731686621445,0.08,0.07,0.03607,4.59434379150322,0,-0.0354886065424509,-0.0354886065424509,0.0180705088407858
2012-03-01,4.5701738973755,5.43287885344324,531.909990573056,8.2,0.13,0.19,7.29,0.03525,4.57539321995056,4.57222851830392,8.3,8.3,5.43078757131184,5.42865240627497,530.628553619721,530.181125580229,0.1,0.08,NA,4.58663445583871,-0.00962141872771863,0,0,-0.0354886065424509
2012-04-01,4.57729526522204,5.43453826420931,531.664832323276,8.2,0.14,0.18,7.11,0.00698,4.5701738973755,4.57539321995056,8.2,8.3,5.43287885344324,5.43078757131184,531.909990573056,530.628553619721,0.13,0.1,0.03525,4.58982809568882,0.00220612427609435,-0.00962141872771863,-0.00962141872771863,0
2012-05-01,4.57943690709233,5.43246794243903,530.777252531879,8.2,0.16,0.19,7.85,NA,4.57729526522204,4.5701738973755,8.2,8.2,5.43453826420931,5.43287885344324,531.664832323276,531.909990573056,0.14,0.13,0.00698,4.5875651222793,0,0.00220612427609435,0.00220612427609435,-0.00962141872771863
2012-06-01,4.57961440097156,5.43164123764146,529.731686621445,8.2,0.16,0.19,7.4,0.35992,4.57943690709233,4.57729526522204,8.2,8.2,5.43246794243903,5.43453826420931,530.777252531879,531.664832323276,0.16,0.14,NA,4.59240404445842,0.0382147885613605,0,0,0.00220612427609435
2012-07-01,4.58160878333843,5.43193000587196,529.881724158969,8.2,0.16,0.19,6.98,NA,4.57961440097156,4.57943690709233,8.2,8.2,5.43164123764146,5.43246794243903,529.731686621445,530.777252531879,0.16,0.16,0.35992,4.59355499001578,0,0.0382147885613605,0.0382147885613605,0
2012-08-01,4.57752557052152,5.43772272361508,531.172705345795,8.1,0.13,0.18,6.82,1.01889,4.58160878333843,4.57961440097156,8.2,8.2,5.43193000587196,5.43164123764146,529.881724158969,529.731686621445,0.16,0.16,NA,4.59251747699808,0.0121450433402153,0,0,0.0382147885613605
2012-09-01,4.5769939375784,5.44248264347854,532.007885832955,7.8,0.14,0.18,6.62,1.56222,4.57752557052152,4.58160878333843,8.1,8.2,5.43772272361508,5.43193000587196,531.172705345795,529.881724158969,0.13,0.16,1.01889,4.59163094268611,-0.00745520786746464,0.0121450433402153,0.0121450433402153,0
2012-10-01,4.58017130150127,5.44517580823294,531.566600488265,7.8,0.16,0.18,6.59,-0.00745,4.5769939375784,4.57752557052152,7.8,8.1,5.44248264347854,5.43772272361508,532.007885832955,531.172705345795,0.14,0.13,1.56222,4.59232503919541,-0.00825217104879055,-0.00745520786746464,-0.00745520786746464,0.0121450433402153
2012-11-01,4.58403234769431,5.44349505205886,530.727710791951,7.7,0.16,0.18,6.53,NA,4.58017130150127,4.5769939375784,7.8,7.8,5.44517580823294,5.44248264347854,531.566600488265,532.007885832955,0.16,0.14,-0.00745,4.58847458687694,0,-0.00825217104879055,-0.00825217104879055,-0.00745520786746464
2012-12-01,4.58688808211005,5.44337396312321,530.578938138674,7.9,0.16,0.16,6.31,0.12671,4.58403234769431,4.58017130150127,7.7,7.8,5.44349505205886,5.44517580823294,530.727710791951,531.566600488265,0.16,0.16,NA,4.59552986707626,-0.0138593635532921,0,0,-0.00825217104879055
2013-01-01,4.58673734011284,5.44535279288969,531.073988654659,8,0.14,0.15,6.09,-0.03234,4.58688808211005,4.58403234769431,7.9,7.7,5.44337396312321,5.44349505205886,530.578938138674,530.727710791951,0.16,0.16,0.12671,4.59325751099648,-0.0156893899726719,-0.0138593635532921,-0.0138593635532921,0
2013-02-01,4.5915113270374,5.45076803073865,531.958950182358,7.7,0.15,0.16,6.03,NA,4.58673734011284,4.58688808211005,8,7.9,5.44535279288969,5.44337396312321,531.073988654659,530.578938138674,0.14,0.16,-0.03234,4.58940252724637,0,-0.0156893899726719,-0.0156893899726719,-0.0138593635532921
2013-03-01,4.59559448495241,5.4479521507647,531.811999384422,7.5,0.14,0.15,5.91,0.02674,4.5915113270374,4.58673734011284,7.7,8,5.45076803073865,5.44535279288969,531.958950182358,531.073988654659,0.15,0.14,NA,4.59561669638302,-0.0148811337526841,0,0,-0.0156893899726719
2013-04-01,4.59455908687565,5.44586198863036,531.566600488265,7.6,0.15,0.12,5.48,NA,4.59559448495241,4.5915113270374,7.5,7.7,5.4479521507647,5.45076803073865,531.811999384422,531.958950182358,0.14,0.15,0.02674,4.60558609948408,0,-0.0148811337526841,-0.0148811337526841,0
2013-05-01,4.59550664400706,5.44627605838114,531.86100698158,7.5,0.11,0.12,5.93,0.30868,4.59455908687565,4.59559448495241,7.6,7.5,5.44586198863036,5.4479521507647,531.566600488265,531.811999384422,0.15,0.14,NA,4.60644936748647,0.00173031546497353,0,0,-0.0148811337526841
2013-06-01,4.59736077173661,5.4486536379031,531.958950182358,7.5,0.09,0.14,6.82,0.71926,4.59550664400706,4.59455908687565,7.5,7.6,5.44627605838114,5.44586198863036,531.86100698158,531.566600488265,0.11,0.15,0.30868,4.60853452026352,-0.0020595483876696,0.00173031546497353,0.00173031546497353,0
2013-07-01,4.59409609395178,5.4506091768903,532.007885832955,7.3,0.09,0.12,6.34,-0.03236,4.59736077173661,4.59550664400706,7.5,7.5,5.4486536379031,5.44627605838114,531.958950182358,531.86100698158,0.09,0.11,0.71926,4.60603481209119,-4.32686910584808e-05,-0.0020595483876696,-0.0020595483876696,0.00173031546497353
2013-08-01,4.60005412121829,5.45299362252167,531.909990573056,7.2,0.08,0.13,6.54,NA,4.59409609395178,4.59736077173661,7.3,7.5,5.4506091768903,5.4486536379031,532.007885832955,531.958950182358,0.09,0.09,-0.03236,4.60148640920634,0,-4.32686910584808e-05,-4.32686910584808e-05,-0.0020595483876696
2013-09-01,4.60538016394118,5.4533704961878,531.762967758041,7.2,0.08,0.12,6.47,0.18091,4.60005412121829,4.59409609395178,7.2,7.3,5.45299362252167,5.4506091768903,531.909990573056,532.007885832955,0.08,0.09,NA,4.60264901049438,-0.0129952643948317,0,0,-4.32686910584808e-05
2013-10-01,4.60420672200569,5.45390558405129,531.073988654659,7.2,0.09,0.12,5.93,-0.04724,4.60538016394118,4.60005412121829,7.2,7.2,5.4533704961878,5.45299362252167,531.762967758041,531.909990573056,0.08,0.08,0.18091,4.6150145706351,-0.0117623316172004,-0.0129952643948317,-0.0129952643948317,0
2013-11-01,4.6067509359443,5.45574837449687,530.429943822558,6.9,0.08,0.12,5.93,NA,4.60420672200569,4.60538016394118,7.2,7.2,5.45390558405129,5.4533704961878,531.073988654659,531.762967758041,0.09,0.08,-0.04724,4.6175857923825,0,-0.0117623316172004,-0.0117623316172004,-0.0129952643948317
2013-12-01,4.6089032095772,5.45838905399023,530.826769740121,6.7,0.09,0.13,5.93,0.20528,4.6067509359443,4.60420672200569,6.9,7.2,5.45574837449687,5.45390558405129,530.429943822558,531.073988654659,0.08,0.09,NA,4.61993169680871,-0.0156540337235128,0,0,-0.0117623316172004
2014-01-01,4.60506918088725,5.46081029570781,531.713912078862,6.6,0.07,0.12,5.91,0.37934,4.6089032095772,4.6067509359443,6.7,6.9,5.45838905399023,5.45574837449687,530.826769740121,530.429943822558,0.09,0.08,0.20528,4.61991297504224,0.0116798667564085,-0.0156540337235128,-0.0156540337235128,0
2014-02-01,4.61261341629342,5.46191046891551,532.641879665891,6.7,0.07,0.12,5.51,NA,4.60506918088725,4.6089032095772,6.6,6.7,5.46081029570781,5.45838905399023,531.713912078862,530.826769740121,0.07,0.09,0.37934,4.62234092152105,0,0.0116798667564085,0.0116798667564085,-0.0156540337235128
2014-03-01,4.62245494021828,5.46395044205576,533.271879326537,6.7,0.08,0.13,5.63,0.00076,4.61261341629342,4.60506918088725,6.7,6.6,5.46191046891551,5.46081029570781,532.641879665891,531.713912078862,0.07,0.07,NA,4.6268759032201,0.00504078652364714,0,0,0.0116798667564085
2014-04-01,4.62327824105252,5.46581289222332,533.897934826693,6.2,0.09,0.11,5.53,0.01199,4.62245494021828,4.61261341629342,6.7,6.7,5.46395044205576,5.46191046891551,533.271879326537,532.641879665891,0.08,0.07,0.00076,4.6381706317898,-0.00556643240442764,0.00504078652364714,0.00504078652364714,0
2014-05-01,4.62731516587248,5.46771408970506,533.753807970132,6.3,0.09,0.1,5.33,NA,4.62327824105252,4.62245494021828,6.2,6.7,5.46581289222332,5.46395044205576,533.897934826693,533.271879326537,0.09,0.08,0.01199,4.62870114851446,0,-0.00556643240442764,-0.00556643240442764,0.00504078652364714
2014-06-01,4.63061763556855,5.46903434998386,533.897934826693,6.1,0.1,0.1,5.28,0.09681,4.62731516587248,4.62327824105252,6.3,6.2,5.46771408970506,5.46581289222332,533.753807970132,533.897934826693,0.09,0.09,NA,4.63691688430067,0.0130429858204695,0,0,-0.00556643240442764
2014-07-01,4.63274060493817,5.47015920238661,533.753807970132,6.2,0.09,0.11,5.9,0.10129,4.63061763556855,4.62731516587248,6.1,6.3,5.46903434998386,5.46771408970506,533.897934826693,533.753807970132,0.1,0.09,0.09681,4.63818030712427,-0.000884643254434343,0.0130429858204695,0.0130429858204695,0
2014-08-01,4.63115172365509,5.46999918823765,533.271879326537,6.1,0.09,0.11,5.55,NA,4.63274060493817,4.63061763556855,6.2,6.1,5.47015920238661,5.46903434998386,533.753807970132,533.897934826693,0.09,0.1,0.10129,4.64495324099755,0,-0.000884643254434343,-0.000884643254434343,0.0130429858204695
2014-09-01,4.6341628085627,5.47007077667993,532.981603360741,5.9,0.09,0.11,6.26,0.10334,4.63115172365509,4.63274060493817,6.1,6.2,5.46999918823765,5.47015920238661,533.271879326537,533.753807970132,0.09,0.09,NA,4.64538847831684,0.0396253639824343,0,0,-0.000884643254434343
2014-10-01,4.63435124699148,5.46987284318915,531.517448361446,5.7,0.09,0.1,6.01,-0.04859,4.6341628085627,4.63115172365509,5.9,6.1,5.47007077667993,5.46999918823765,532.981603360741,533.271879326537,0.09,0.09,0.10334,4.6437147090379,0.051125507750037,0.0396253639824343,0.0396253639824343,0
2014-11-01,4.64051609407867,5.46798840860461,530.280727182089,5.8,0.09,0.13,6.27,NA,4.63435124699148,4.6341628085627,5.7,5.9,5.46987284318915,5.47007077667993,531.517448361446,532.981603360741,0.09,0.09,-0.04859,4.64451204564899,0,0.051125507750037,0.051125507750037,0.0396253639824343
2014-12-01,4.64068307210021,5.46489903194648,528.320372873799,5.6,0.12,0.21,6.71,0.17688,4.64051609407867,4.63435124699148,5.8,5.7,5.46798840860461,5.46987284318915,530.280727182089,531.517448361446,0.09,0.09,NA,4.64482445898687,-0.034972788543288,0,0,0.051125507750037
2015-01-01,4.63271044749198,5.458508338454,525.749537202778,5.7,0.11,0.2,6.51,0.41148,4.64068307210021,4.64051609407867,5.6,5.8,5.46489903194648,5.46798840860461,528.320372873799,530.280727182089,0.12,0.09,0.17688,4.6382161050479,0.0249920738997153,-0.034972788543288,-0.034972788543288,0
2015-02-01,4.62631113302104,5.4610397753425,525.279685124623,5.5,0.11,0.22,6.01,NA,4.63271044749198,4.64068307210021,5.7,5.6,5.458508338454,5.46489903194648,525.749537202778,528.320372873799,0.11,0.12,0.41148,4.63302948664215,0,0.0249920738997153,0.0249920738997153,-0.034972788543288
2015-03-01,4.62288141214245,5.46373010493908,525.48878086207,5.4,0.11,0.25,6.28,0.0463,4.62631113302104,4.63271044749198,5.5,5.7,5.4610397753425,5.458508338454,525.279685124623,525.749537202778,0.11,0.11,NA,4.63313645869143,-0.0513829080812921,0,0,0.0249920738997153
2015-04-01,4.61735070139726,5.46477204083146,525.17497307317,5.4,0.12,0.23,6.12,0.02648,4.62288141214245,4.62631113302104,5.4,5.5,5.46373010493908,5.4610397753425,525.48878086207,525.279685124623,0.11,0.11,0.0463,4.62766330830145,0.0220191261240318,-0.0513829080812921,-0.0513829080812921,0
2015-05-01,4.61281588301364,5.46806436053551,526.476058301919,5.6,0.12,0.24,6.14,NA,4.61735070139726,4.62288141214245,5.4,5.4,5.46477204083146,5.46373010493908,525.17497307317,525.48878086207,0.12,0.11,0.02648,4.62905857283659,0,0.0220191261240318,0.0220191261240318,-0.0513829080812921
2015-06-01,4.6097476931978,5.47082845770723,527.197339120843,5.3,0.13,0.28,6.73,-0.53635,4.61281588301364,4.61735070139726,5.6,5.4,5.46806436053551,5.46477204083146,526.476058301919,525.17497307317,0.12,0.12,NA,4.63027734678782,-0.0505865154278684,0,0,0.0220191261240318
2015-07-01,4.61600428461929,5.47241352061122,526.734256224861,5.2,0.13,0.3,6.99,-0.47965,4.6097476931978,4.61281588301364,5.3,5.6,5.47082845770723,5.46806436053551,527.197339120843,526.476058301919,0.13,0.12,-0.53635,4.62502869407585,0.0227717792385686,-0.0505865154278684,-0.0505865154278684,0
2015-08-01,4.61429344223606,5.47240931952188,525.697440301365,5.1,0.14,0.38,7.34,NA,4.61600428461929,4.6097476931978,5.2,5.3,5.47241352061122,5.47082845770723,526.734256224861,527.197339120843,0.13,0.13,-0.47965,4.63260440279842,0,0.0227717792385686,0.0227717792385686,-0.0505865154278684
2015-09-01,4.61148023568411,5.47015920238661,524.227597566441,5,0.14,0.37,8.09,-5.80207,4.61429344223606,4.61600428461929,5.1,5.2,5.47240931952188,5.47241352061122,525.697440301365,526.734256224861,0.14,0.13,NA,4.62947345450121,-0.0324595999531352,0,0,0.0227717792385686
2015-10-01,4.60673196577489,5.47114819518865,523.377884541047,5,0.12,0.26,7.5,-0.13651,4.61148023568411,4.61429344223606,5,5.1,5.47015920238661,5.47240931952188,524.227597566441,525.697440301365,0.14,0.14,-5.80207,4.6209234491942,0.066064254172426,-0.0324595999531352,-0.0324595999531352,0
2015-11-01,4.59952025514567,5.472342099692,522.413246835866,5.1,0.12,0.48,8.13,NA,4.60673196577489,4.61148023568411,5,5,5.47114819518865,5.47015920238661,523.377884541047,524.227597566441,0.12,0.14,-0.13651,4.62643644753126,0,0.066064254172426,0.066064254172426,-0.0324595999531352
2015-12-01,4.59458536388792,5.47126596744249,521.221466749462,5,0.24,0.65,8.76,2.62673,4.59952025514567,4.60673196577489,5.1,5,5.472342099692,5.47114819518865,522.413246835866,523.377884541047,0.12,0.12,NA,4.62440500505286,0.0422759111798042,0,0,0.066064254172426
2016-01-01,4.59954539647767,5.47080741876204,520.729796816087,4.8,0.34,0.54,9.19,-0.13318,4.59458536388792,4.59952025514567,5,5.1,5.47126596744249,5.472342099692,521.221466749462,522.413246835866,0.24,0.12,2.62673,4.61845356990485,-0.00422934755764988,0.0422759111798042,0.0422759111798042,0
2016-02-01,4.59434379150322,5.4694768586358,520.015311776081,4.9,0.38,0.53,9.08,NA,4.59954539647767,4.59458536388792,4.8,5,5.47080741876204,5.47126596744249,520.729796816087,521.221466749462,0.34,0.24,-0.13318,4.62174997846791,0,-0.00422934755764988,-0.00422934755764988,0.0422759111798042
2016-03-01,4.58663445583871,5.47260675164473,520.455598673356,5,0.36,0.66,8.37,-1.55858,4.59434379150322,4.59954539647767,4.9,4.8,5.4694768586358,5.47080741876204,520.015311776081,520.729796816087,0.38,0.34,NA,4.58093896693935,-0.0810179563285228,0,0,-0.00422934755764988
2016-04-01,4.58982809568882,5.47643007856794,521.057845224003,5.1,0.37,0.56,7.58,0.07497,4.58663445583871,4.59434379150322,5,4.9,5.47260675164473,5.4694768586358,520.455598673356,520.015311776081,0.36,0.38,-1.55858,4.43889361716295,0.00385640997408056,-0.0810179563285228,-0.0810179563285228,0
2016-05-01,4.5875651222793,5.47879138435909,522.197613329131,4.8,0.37,0.59,7.4,NA,4.58982809568882,4.58663445583871,5.1,5,5.47643007856794,5.47260675164473,521.057845224003,520.455598673356,0.37,0.36,0.07497,4.45447286976417,0,0.00385640997408056,0.00385640997408056,-0.0810179563285228
2016-06-01,4.59240404445842,5.48156349579313,523.431203657212,4.9,0.38,0.55,7.32,-0.29879,4.5875651222793,4.58982809568882,4.8,5.1,5.47879138435909,5.47643007856794,522.197613329131,521.057845224003,0.37,0.37,NA,4.51824425989288,-0.037190644342058,0,0,0.00385640997408056
2016-07-01,4.59355499001578,5.48105966814981,523.484494359246,4.8,0.39,0.51,6.83,-0.44821,4.59240404445842,4.5875651222793,4.9,4.8,5.48156349579313,5.47879138435909,523.431203657212,522.197613329131,0.38,0.37,-0.29879,4.55391583821053,0.0056751394634857,-0.037190644342058,-0.037190644342058,0
2016-08-01,4.59251747699808,5.48290718223,522.896728841324,4.9,0.4,0.57,6.37,NA,4.59355499001578,4.59240404445842,4.8,4.9,5.48105966814981,5.48156349579313,523.484494359246,523.431203657212,0.39,0.38,-0.44821,4.56361250424968,0,0.0056751394634857,0.0056751394634857,-0.037190644342058
2016-09-01,4.59163094268611,5.48552695741477,523.057371446152,5,0.4,0.59,6.24,-4.1413,4.59251747699808,4.59355499001578,4.9,4.8,5.48290718223,5.48105966814981,522.896728841324,523.484494359246,0.4,0.39,NA,4.56321630112158,-0.016753348133959,0,0,0.0056751394634857
2016-10-01,4.59232503919541,5.48786690509852,522.950305054768,4.9,0.4,0.66,6.34,NA,4.59163094268611,4.59251747699808,5,4.9,5.48552695741477,5.48290718223,523.057371446152,522.896728841324,0.4,0.4,-4.1413,4.5698082581372,0,-0.016753348133959,-0.016753348133959,0
2016-11-01,4.58847458687694,5.48904515840217,522.735827760754,4.7,0.41,0.74,6.58,-0.2494,4.59232503919541,4.59163094268611,4.9,5,5.48786690509852,5.48552695741477,522.950305054768,523.057371446152,0.4,0.4,NA,4.57422529356724,0.014011448139666,0,0,-0.016753348133959
2016-12-01,4.59552986707626,5.49156649930785,523.750522715128,4.7,0.54,0.87,6.19,-0.45872,4.58847458687694,4.59232503919541,4.7,4.9,5.48904515840217,5.48786690509852,522.735827760754,522.950305054768,0.41,0.4,-0.2494,4.58704592943942,0.0360435820238318,0.014011448139666,0.014011448139666,0
2017-01-01,4.59325751099648,5.49560142473151,525.070151260637,4.7,0.65,0.83,5.96,NA,4.59552986707626,4.58847458687694,4.7,4.7,5.49156649930785,5.48904515840217,523.750522715128,522.735827760754,0.54,0.41,-0.45872,4.59323423509559,0,0.0360435820238318,0.0360435820238318,0.014011448139666
2017-02-01,4.58940252724637,5.4971928151548,525.540986553676,4.6,0.66,0.82,5.68,-0.23008,4.59325751099648,4.59552986707626,4.7,4.7,5.49560142473151,5.49156649930785,525.070151260637,523.750522715128,0.65,0.54,NA,4.55920163731496,-0.0100920271249347,0,0,0.0360435820238318
2017-03-01,4.59561669638302,5.49672550435593,525.48878086207,4.4,0.79,1.01,5.9,0.51153,4.58940252724637,4.59325751099648,4.6,4.7,5.4971928151548,5.49560142473151,525.540986553676,525.070151260637,0.66,0.65,-0.23008,4.58693391132088,-0.0413861051234514,-0.0100920271249347,-0.0100920271249347,0
2017-04-01,4.60558609948408,5.49795889623709,526.269018890489,4.4,0.9,1.04,5.7,NA,4.59561669638302,4.58940252724637,4.4,4.6,5.49672550435593,5.4971928151548,525.48878086207,525.540986553676,0.79,0.66,0.51153,4.58834645736427,0,-0.0413861051234514,-0.0413861051234514,-0.0100920271249347
2017-05-01,4.60644936748647,5.49718461860145,526.165338217644,4.4,0.91,1.12,5.57,0.02848,4.60558609948408,4.59561669638302,4.4,4.4,5.49795889623709,5.49672550435593,526.269018890489,525.48878086207,0.9,0.79,NA,4.59700393272165,0.0447146438346912,0,0,-0.0413861051234514
2017-06-01,4.60853452026352,5.49783603504551,526.579417484248,4.3,1.04,1.2,5.71,1.88925,4.60644936748647,4.60558609948408,4.4,4.4,5.49718461860145,5.49795889623709,526.165338217644,526.269018890489,0.91,0.9,0.02848,4.6016469868043,0.0390383754232761,0.0447146438346912,0.0447146438346912,0
2017-07-01,4.60603481209119,5.49816363135151,526.527751246984,4.3,1.15,1.22,5.51,-0.01199,4.60853452026352,4.60644936748647,4.3,4.4,5.49783603504551,5.49718461860145,526.579417484248,526.165338217644,1.04,0.91,1.88925,4.6058379629754,-0.0137187812218172,0.0390383754232761,0.0390383754232761,0.0447146438346912
2017-08-01,4.60148640920634,5.5020048705003,526.682669945667,4.4,1.16,1.23,5.63,NA,4.60603481209119,4.60853452026352,4.3,4.3,5.49816363135151,5.49783603504551,526.527751246984,526.579417484248,1.15,1.04,-0.01199,4.6055821011394,0,-0.0137187812218172,-0.0137187812218172,0.0390383754232761
2017-09-01,4.60264901049438,5.50709826702641,527.197339120843,4.3,1.15,1.28,5.53,-0.00195,4.60148640920634,4.60603481209119,4.4,4.3,5.5020048705003,5.49816363135151,526.682669945667,526.527751246984,1.16,1.15,NA,4.59507439455605,0.0661799346494381,0,0,-0.0137187812218172
2017-10-01,4.6150145706351,5.50787301907353,527.248660651351,4.2,1.15,1.4,5.56,NA,4.60264901049438,4.60148640920634,4.3,4.4,5.50709826702641,5.5020048705003,527.197339120843,526.682669945667,1.15,1.16,-0.00195,4.60870592787922,0,0.0661799346494381,0.0661799346494381,0
2017-11-01,4.6175857923825,5.51053747368785,527.760432495049,4.2,1.16,1.56,5.78,-0.22988,4.6150145706351,4.60264901049438,4.2,4.3,5.50787301907353,5.50709826702641,527.248660651351,527.197339120843,1.15,1.15,NA,4.61777441787111,0.0241863756022085,0,0,0.0661799346494381
2017-12-01,4.61993169680871,5.51264214655403,527.964410128242,4.1,1.3,1.7,5.84,0.00821,4.6175857923825,4.6150145706351,4.2,4.2,5.51053747368785,5.50787301907353,527.760432495049,527.248660651351,1.16,1.15,-0.22988,4.61704737213398,0.000905268612912304,0.0241863756022085,0.0241863756022085,0
2018-01-01,4.61991297504224,5.51688647101586,528.776185260852,4,1.41,1.8,5.8,-0.51995,4.61993169680871,4.6175857923825,4.1,4.2,5.51264214655403,5.51053747368785,527.964410128242,527.760432495049,1.3,1.16,0.00821,4.61724301522233,0.00553721196847657,0.000905268612912304,0.000905268612912304,0.0241863756022085
2018-02-01,4.62234092152105,5.51957514090203,529.481122721875,4.1,1.42,1.96,6.13,NA,4.61991297504224,4.61993169680871,4,4.1,5.51688647101586,5.51264214655403,528.776185260852,527.964410128242,1.41,1.3,-0.51995,NA,0,0.00553721196847657,0.00553721196847657,0.000905268612912304
2018-03-01,4.6268759032201,5.51976748481354,529.481122721875,4,1.51,2.06,6.3,0.11286,4.62234092152105,4.61991297504224,4.1,4,5.51957514090203,5.51688647101586,529.481122721875,528.776185260852,1.42,1.41,NA,NA,0.00177758281619938,0,0,0.00553721196847657
2018-04-01,4.6381706317898,5.52236850587961,529.981624267177,4,1.69,2.15,6.25,NA,4.6268759032201,4.62234092152105,4,4.1,5.51976748481354,5.51957514090203,529.481122721875,529.481122721875,1.51,1.42,0.11286,NA,0,0.00177758281619938,0.00177758281619938,0
2018-05-01,4.62870114851446,5.52462391032338,531.419071570433,3.8,1.7,2.27,6.31,-0.24027,4.6381706317898,4.6268759032201,4,4,5.52236850587961,5.51976748481354,529.981624267177,529.481122721875,1.69,1.51,NA,NA,0.0204815492976969,0,0,0.00177758281619938
2018-06-01,4.63691688430067,5.52552464970793,531.909990573056,4,1.82,2.33,6.44,-0.89165,4.62870114851446,4.6381706317898,3.8,4,5.52462391032338,5.52236850587961,531.419071570433,529.981624267177,1.7,1.69,-0.24027,NA,0.0291735328233012,0.0204815492976969,0.0204815492976969,0
2018-07-01,4.63818030712427,5.52630516552512,531.958950182358,3.8,1.91,2.39,6.31,NA,4.63691688430067,4.62870114851446,4,3.8,5.52552464970793,5.52462391032338,531.909990573056,531.419071570433,1.82,1.7,-0.89165,NA,0,0.0291735328233012,0.0291735328233012,0.0204815492976969
2018-08-01,4.64495324099755,5.52809089093835,531.517448361446,3.8,1.91,2.45,6.25,0.00319,4.63818030712427,4.63691688430067,3.8,4,5.52630516552512,5.52552464970793,531.958950182358,531.909990573056,1.91,1.82,NA,NA,0.00850411207348551,0,0,0.0291735328233012
2018-09-01,4.64538847831684,5.53015104905668,531.615728467637,3.7,1.95,2.56,6.23,1.06851,4.64495324099755,4.63818030712427,3.8,3.8,5.52809089093835,5.52630516552512,531.517448361446,531.958950182358,1.91,1.91,0.00319,NA,0.0115440423023216,0.00850411207348551,0.00850411207348551,0
2018-10-01,4.6437147090379,5.53248789664475,532.105685351753,3.8,2.19,2.65,6.82,NA,4.64538847831684,4.64495324099755,3.7,3.8,5.53015104905668,5.52809089093835,531.615728467637,531.517448361446,1.95,1.91,1.06851,NA,0,0.0115440423023216,0.0115440423023216,0.00850411207348551
2018-11-01,4.64451204564899,5.53178345666516,530.97517441737,3.8,2.2,2.7,7.19,0.37563,4.6437147090379,4.64538847831684,3.8,3.7,5.53248789664475,5.53015104905668,532.105685351753,531.615728467637,2.19,1.95,NA,NA,0.0217378175788784,0,0,0.0115440423023216
2018-12-01,4.64482445898687,5.5324681157772,530.330490805908,3.9,2.27,2.66,7.89,2.31647,4.64451204564899,4.6437147090379,3.8,3.8,5.53178345666516,5.53248789664475,530.97517441737,532.105685351753,2.2,2.19,0.37563,NA,0.0661832088719856,0.0217378175788784,0.0217378175788784,0
2019-01-01,4.6382161050479,5.53165280369708,529.380721107015,4,2.4,2.58,6.86,0.19868,4.64482445898687,4.64451204564899,3.9,3.8,5.5324681157772,5.53178345666516,530.330490805908,530.97517441737,2.27,2.2,2.31647,NA,-0.00318264276452675,0.0661832088719856,0.0661832088719856,0.0217378175788784
2019-02-01,4.63302948664215,5.53464956406425,529.43093451505,3.8,2.4,2.55,6.49,NA,4.6382161050479,4.64482445898687,4,3.9,5.53165280369708,5.5324681157772,529.380721107015,530.330490805908,2.4,2.27,0.19868,NA,0,-0.00318264276452675,-0.00318264276452675,0.0661832088719856
2019-03-01,4.63313645869143,5.53842422398068,530.230938781757,3.8,2.41,2.49,6.36,0.09341,4.63302948664215,4.6382161050479,3.8,4,5.53464956406425,5.53165280369708,529.43093451505,529.380721107015,2.4,2.4,NA,NA,-0.00107426662669558,0,0,-0.00318264276452675
2019-04-01,4.62766330830145,5.5421768534556,530.876262440958,3.7,2.42,2.42,6.08,NA,4.63313645869143,4.63302948664215,3.8,3.8,5.53842422398068,5.53464956406425,530.230938781757,529.43093451505,2.41,2.4,0.09341,NA,0,-0.00107426662669558,-0.00107426662669558,0
2019-05-01,4.62905857283659,5.54242365628294,530.678144496017,3.6,2.39,2.34,6.6,-2.56612,4.62766330830145,4.63313645869143,3.7,3.8,5.5421768534556,5.53842422398068,530.876262440958,530.230938781757,2.42,2.41,NA,NA,-0.0294289288115182,0,0,-0.00107426662669558
2019-06-01,4.63027734678782,5.54209849061209,529.981624267177,3.6,2.38,2,5.9,6.19112,4.62905857283659,4.62766330830145,3.6,3.7,5.54242365628294,5.5421768534556,530.678144496017,530.876262440958,2.39,2.42,-2.56612,NA,-0.0368322802015109,-0.0294289288115182,-0.0294289288115182,0
2019-07-01,4.62502869407585,5.54440370772246,530.181125580229,3.7,2.4,1.96,5.85,3.98457,4.63027734678782,4.62905857283659,3.6,3.6,5.54209849061209,5.54242365628294,529.981624267177,530.678144496017,2.38,2.39,6.19112,NA,0.053871229078683,-0.0368322802015109,-0.0368322802015109,-0.0294289288115182
2019-08-01,4.63260440279842,5.54531805959279,529.43093451505,3.6,2.13,1.77,5.59,NA,4.62502869407585,4.63027734678782,3.7,3.6,5.54440370772246,5.54209849061209,530.181125580229,529.981624267177,2.4,2.38,3.98457,NA,0,0.053871229078683,0.053871229078683,-0.0368322802015109
2019-09-01,4.62947345450121,5.54685572288219,529.028519485077,3.5,2.04,1.8,5.65,3.37828,4.63260440279842,4.62502869407585,3.6,3.7,5.54531805959279,5.54440370772246,529.43093451505,530.181125580229,2.13,2.4,NA,NA,0.0556686640782683,0,0,0.053871229078683
2019-10-01,4.6209234491942,5.54967901593623,529.129275161107,3.6,1.83,1.61,5.73,-1.36806070276505,4.62947345450121,4.63260440279842,3.5,3.6,5.54685572288219,5.54531805959279,529.028519485077,529.43093451505,2.04,2.13,3.37828,NA,0.0567440315522561,0.0556686640782683,0.0556686640782683,0
2019-11-01,4.62643644753126,5.55249048266229,529.330482472449,3.6,1.55,1.57,5.7,NA,4.6209234491942,4.62947345450121,3.6,3.5,5.54967901593623,5.54685572288219,529.129275161107,529.028519485077,1.83,2.04,-1.36806070276505,NA,0,0.0567440315522561,0.0567440315522561,0.0556686640782683
2019-12-01,4.62440500505286,5.55539846888994,529.330482472449,3.6,1.55,1.55,5.33,0.0428,4.62643644753126,4.6209234491942,3.6,3.6,5.55249048266229,5.54967901593623,529.330482472449,529.129275161107,1.55,1.83,NA,NA,0.00896256723948294,0,0,0.0567440315522561
2020-01-01,4.61845356990485,5.55731828900884,529.481122721875,3.6,1.55,1.53,5.43,1.51453,4.62440500505286,4.62643644753126,3.6,3.6,5.55539846888994,5.55249048266229,529.330482472449,529.330482472449,1.55,1.55,0.0428,NA,0,0.00896256723948294,0.00896256723948294,0
2020-02-01,4.62174997846791,5.55779284710964,528.167972539501,3.5,1.58,1.41,6.07,NA,4.61845356990485,4.62440500505286,3.6,3.6,5.55731828900884,5.55539846888994,529.481122721875,529.330482472449,1.55,1.55,1.51453,NA,0,0,0,0.00896256723948294
2020-03-01,4.58093896693935,5.55325411518673,526.320818943447,4.4,0.65,0.33,9.2,-25.60574,4.62174997846791,4.61845356990485,3.5,3.6,5.55779284710964,5.55731828900884,528.167972539501,529.481122721875,1.58,1.55,NA,NA,0,0,0,0
2020-04-01,4.43889361716295,5.54530243666771,522.305488204749,14.8,0.05,0.18,8.04,-3.06241,4.58093896693935,4.62174997846791,4.4,3.5,5.55325411518673,5.55779284710964,526.320818943447,528.167972539501,0.65,1.58,-25.60574,NA,0,0,0,0
2020-05-01,4.45447286976417,5.54440370772246,523.962837019936,13.2,0.05,0.16,6.92,NA,4.43889361716295,4.58093896693935,14.8,4.4,5.54530243666771,5.55325411518673,522.305488204749,526.320818943447,0.05,0.65,-3.06241,NA,0,0,0,0
2020-06-01,4.51824425989288,5.54923949566747,525.33200006173,11,0.08,0.18,6.81,0.15703,4.45447286976417,4.43889361716295,13.2,14.8,5.54440370772246,5.54530243666771,523.962837019936,522.305488204749,0.05,0.05,NA,NA,0,0,0,0
2020-07-01,4.55391583821053,5.55432299613927,526.269018890489,10.2,0.09,0.15,5.45,0.51598,4.51824425989288,4.45447286976417,11,13.2,5.54923949566747,5.54440370772246,525.33200006173,523.962837019936,0.08,0.05,0.15703,NA,0,0,0,0
2020-08-01,4.56361250424968,5.55804739523025,526.940335638339,8.4,0.1,0.13,5.38,NA,4.55391583821053,4.51824425989288,10.2,11,5.55432299613927,5.54923949566747,526.269018890489,525.33200006173,0.09,0.08,0.51598,NA,0,0,0,0
2020-09-01,4.56321630112158,5.56067009248742,527.556037942542,7.8,0.09,0.13,5.77,-0.41955,4.56361250424968,4.55391583821053,8.4,10.2,5.55804739523025,5.55432299613927,526.940335638339,526.269018890489,0.1,0.09,NA,NA,0,0,0,0
2020-10-01,4.5698082581372,5.56190780203741,528.066243130932,6.9,0.09,0.13,5.79,NA,4.56321630112158,4.56361250424968,7.8,8.4,5.56067009248742,5.55804739523025,527.556037942542,526.940335638339,0.09,0.1,-0.41955,NA,0,0,0,0
2020-11-01,4.57422529356724,5.5641793530017,528.978103552575,6.7,0.09,0.12,4.79,0.01193,4.5698082581372,4.56321630112158,6.9,7.8,5.56190780203741,5.56067009248742,528.066243130932,527.556037942542,0.09,0.09,NA,NA,0,0,0,0
2020-12-01,4.58704592943942,5.56851624473796,530.081424674662,6.7,0.09,0.1,4.34,-0.54888,4.57422529356724,4.5698082581372,6.7,6.9,5.5641793530017,5.56190780203741,528.978103552575,528.066243130932,0.09,0.09,0.01193,NA,0,0,0,0
2021-01-01,4.59323423509559,5.57078046569294,532.203389316535,6.4,0.09,0.1,4.41,0.15376,4.58704592943942,4.57422529356724,6.7,6.7,5.56851624473796,5.5641793530017,530.081424674662,528.978103552575,0.09,0.09,-0.54888,NA,0,0,0,0
2021-02-01,4.55920163731496,5.57433036946116,534.996059969988,6.2,0.08,0.07,4.46,NA,4.59323423509559,4.58704592943942,6.4,6.7,5.57078046569294,5.56851624473796,532.203389316535,530.081424674662,0.09,0.09,0.15376,NA,0,0,0,0
2021-03-01,4.58693391132088,5.57915230076006,537.063802812766,6.1,0.07,0.08,4.42,-0.42237,4.55920163731496,4.59323423509559,6.2,6.4,5.57433036946116,5.57078046569294,534.996059969988,532.203389316535,0.08,0.09,NA,NA,0,0,0,0
2021-04-01,4.58834645736427,5.58584317679151,538.403624195057,6.1,0.07,0.06,4.28,-0.48963,4.58693391132088,4.55920163731496,6.1,6.2,5.57915230076006,5.57433036946116,537.063802812766,534.996059969988,0.07,0.08,-0.42237,NA,0,0,0,0
2021-05-01,4.59700393272165,5.59249330811613,541.565585896527,5.8,0.06,0.05,4.29,NA,4.58834645736427,4.58693391132088,6.1,6.1,5.58584317679151,5.57915230076006,538.403624195057,537.063802812766,0.07,0.07,-0.48963,NA,0,0,0,0
2021-06-01,4.6016469868043,5.60104813720134,543.328522695852,5.9,0.08,0.07,4.01,2.6027,4.59700393272165,4.58834645736427,5.8,6.1,5.59249330811613,5.58584317679151,541.565585896527,538.403624195057,0.06,0.07,NA,NA,0,0,0,0
2021-07-01,4.6058379629754,5.60567338154588,544.609061083747,5.4,0.1,0.08,4.12,0.06143,4.6016469868043,4.59700393272165,5.9,5.8,5.60104813720134,5.59249330811613,543.328522695852,541.565585896527,0.08,0.06,2.6027,NA,0,0,0,0
2021-08-01,4.6055821011394,5.60856295740857,545.281798513958,5.1,0.09,0.07,4.07,NA,4.6058379629754,4.6016469868043,5.4,5.9,5.60567338154588,5.60104813720134,544.609061083747,543.328522695852,0.1,0.08,0.06143,NA,0,0,0,0
2021-09-01,4.59507439455605,5.61291640514883,546.246646659549,4.7,0.08,0.08,4.21,0.10604,4.6055821011394,4.6058379629754,5.1,5.4,5.60856295740857,5.60567338154588,545.281798513958,544.609061083747,0.09,0.1,NA,NA,0,0,0,0
2021-10-01,4.60870592787922,5.62231208165814,548.257454880975,4.5,0.08,0.11,4.36,NA,4.59507439455605,4.6055821011394,4.7,5.1,5.61291640514883,5.60856295740857,546.246646659549,545.281798513958,0.08,0.09,0.10604,NA,0,0,0,0
2021-11-01,4.61777441787111,5.63058075839519,549.424181638495,4.2,0.08,0.18,4.82,0.07881,4.60870592787922,4.59507439455605,4.5,4.7,5.62231208165814,5.61291640514883,548.257454880975,546.246646659549,0.08,0.08,NA,NA,0,0,0,0
2021-12-01,4.61704737213398,5.63766403944474,548.619844054722,3.9,0.08,0.3,4.35,-0.28711,4.61777441787111,4.60870592787922,4.2,4.5,5.63058075839519,5.62231208165814,549.424181638495,548.257454880975,0.08,0.08,0.07881,NA,0,0,0,0
2022-01-01,4.61724301522233,5.6438272121022,550.717130593183,4,0.08,0.55,NA,NA,4.61704737213398,4.61777441787111,3.9,4.2,5.63766403944474,5.63058075839519,548.619844054722,549.424181638495,0.08,0.08,-0.28711,NA,0,0,0,0
